persona_id,display_name,minecraft_username,minecraft_username_status,uuid,skin_url,skin_strategy,profile_lookup_url,faction,tier,tier_basis,tier_confidence,tier_evidence_url,roster_source,roster_source_url,unique_while_alive,source_handle,minecraft_username_syntax_valid,profile_identity_confidence,profile_resolution_required,tier_v1,tier_ruleset,tier_category,tier_validation_note,legend_kind
coldified,Coldified,coldified,competitive_handle_web_verified,,,minecraft_profile_lookup,https://mc-api.io/profile/coldified/java,HISPANIC_CREATORS,1,verified_elite_competitive_minecraft,high,https://mctiers.com/rankings/overall,Squid Craft Games 3 roster,https://areajugones.sport.es/videojuegos/squid-craft-games-3-fecha-de-estreno-participantes-y-todas-las-novedades-del-evento/,True,coldified,True,medium_high,True,1,strict_competitive_v3,elite_competitive_specialist,Elite modern PvP competitor; MCTiers is a dedicated ranked PvP ecosystem. T1.,
juanclean,Juan Clean,Juan_Clean,creator_pvp_handle_web_verified,,,minecraft_profile_lookup,https://mc-api.io/profile/Juan_Clean/java,HISPANIC_CREATORS,1,verified_elite_competitive_minecraft,high,https://mctiers.com/rankings/overall,Historical Hispanic Minecraft creator curation,https://es.wikipedia.org/wiki/Karmaland,True,Juan_Clean,True,medium_high,True,1,strict_competitive_v3,elite_competitive_specialist,Dedicated modern PvP competitor with high MCTiers placement/history. T1.,
ymiau,yMiau,yMiau,creator_handle_web_verified,,,minecraft_profile_lookup,https://mc-api.io/profile/yMiau/java,HISPANIC_CREATORS,1,verified_elite_competitive_minecraft,high,https://www.youtube.com/channel/UCTqHOzdcic_WfM-EOtpNcnw,Historical Hispanic Minecraft creator curation,https://es.wikipedia.org/wiki/Karmaland,True,yMiau,True,medium_high,True,1,strict_competitive_v3,elite_competitive_specialist,Dedicated Minecraft PvP identity; competitive PvP evidence independent of creator-only events. T1.,
shadoune666,Shadoune666,Shadoune666,event_handle_needs_profile_check,,,minecraft_profile_lookup,https://mc-api.io/profile/Shadoune666/java,HISPANIC_CREATORS,2,verified_competitive_minecraft_specialist,medium_high,https://www.esportsearnings.com/games/559-minecraft/top-players,Squid Craft Games 2 roster,https://es.wikipedia.org/wiki/Squid_Craft_Games_2,True,Shadoune666,True,medium,True,1,strict_competitive_v3,competitive_specialist,Competitive/tryhard Minecraft identity beyond casual creator participation; high tournament record. T2.,
amilcar,Amilcar,Amilcar,event_handle_needs_profile_check,,,minecraft_profile_lookup,https://mc-api.io/profile/Amilcar/java,HISPANIC_CREATORS,3,creator_cap_strong_minecraft_or_event_performance,medium,https://movistaresports.com/streamers-participaran-minecraft-extremo-3/,Minecraft Extremo 3 roster,https://movistaresports.com/streamers-participaran-minecraft-extremo-3/,True,Amilcar,True,medium,True,4,strict_competitive_v3,creator_ceiling_or_strong_minecraft_specialist,Creator-first profile with strong Minecraft experience or creator-event performance; strict ruleset caps creators at T3.,
aquino,Aquino,Aquino,event_handle_needs_profile_check,,,minecraft_profile_lookup,https://mc-api.io/profile/Aquino/java,HISPANIC_CREATORS,3,creator_cap_strong_minecraft_or_event_performance,medium,https://areajugones.sport.es/videojuegos/squid-craft-games-3-fecha-de-estreno-participantes-y-todas-las-novedades-del-evento/,Squid Craft Games 3 roster,https://areajugones.sport.es/videojuegos/squid-craft-games-3-fecha-de-estreno-participantes-y-todas-las-novedades-del-evento/,True,Aquino,True,medium,True,2,strict_competitive_v3,creator_ceiling_or_strong_minecraft_specialist,Creator-first profile with strong Minecraft experience or creator-event performance; strict ruleset caps creators at T3.,
conterstine,Conterstine,Conterstine,event_handle_needs_profile_check,,,minecraft_profile_lookup,https://mc-api.io/profile/Conterstine/java,HISPANIC_CREATORS,3,creator_cap_strong_minecraft_or_event_performance,medium,https://es.wikipedia.org/wiki/Squid_Craft_Games_2,Squid Craft Games 2 roster,https://es.wikipedia.org/wiki/Squid_Craft_Games_2,True,Conterstine,True,medium,True,2,strict_competitive_v3,creator_ceiling_or_strong_minecraft_specialist,Creator-first profile with strong Minecraft experience or creator-event performance; strict ruleset caps creators at T3.,
crisgreen,Crisgreen,Crisgreen,event_handle_needs_profile_check,,,minecraft_profile_lookup,https://mc-api.io/profile/Crisgreen/java,HISPANIC_CREATORS,3,creator_cap_strong_minecraft_or_event_performance,medium,https://es.wikipedia.org/wiki/Squid_Craft_Games_2,Squid Craft Games 2 roster,https://es.wikipedia.org/wiki/Squid_Craft_Games_2,True,Crisgreen,True,medium,True,4,strict_competitive_v3,creator_ceiling_or_strong_minecraft_specialist,Creator-first profile with strong Minecraft experience or creator-event performance; strict ruleset caps creators at T3.,
diffrent,Diffrent,Diffrent,event_handle_needs_profile_check,,,minecraft_profile_lookup,https://mc-api.io/profile/Diffrent/java,HISPANIC_CREATORS,3,creator_cap_strong_minecraft_or_event_performance,medium,https://areajugones.sport.es/videojuegos/squid-craft-games-3-fecha-de-estreno-participantes-y-todas-las-novedades-del-evento/,Squid Craft Games 3 roster,https://areajugones.sport.es/videojuegos/squid-craft-games-3-fecha-de-estreno-participantes-y-todas-las-novedades-del-evento/,True,Diffrent,True,medium,True,4,strict_competitive_v3,creator_ceiling_or_strong_minecraft_specialist,Creator-first profile with strong Minecraft experience or creator-event performance; strict ruleset caps creators at T3.,
elrichmc,ElRichMC,ElRichMC,event_handle_needs_profile_check,,,minecraft_profile_lookup,https://mc-api.io/profile/ElRichMC/java,HISPANIC_CREATORS,3,creator_cap_strong_minecraft_or_event_performance,medium,https://www.twitch.tv/elrichmc,Squid Craft Games 2 roster,https://es.wikipedia.org/wiki/Squid_Craft_Games_2,True,ElRichMC,True,medium,True,2,strict_competitive_v3,creator_ceiling_or_strong_minecraft_specialist,Minecraft veteran/technical specialist with long-term experience; creator-first cap keeps him T3.,
farfadox,Farfadox,Farfadox,event_handle_needs_profile_check,,,minecraft_profile_lookup,https://mc-api.io/profile/Farfadox/java,HISPANIC_CREATORS,3,creator_cap_strong_minecraft_or_event_performance,medium,https://es.wikipedia.org/wiki/Squid_Craft_Games_2,Squid Craft Games 2 roster,https://es.wikipedia.org/wiki/Squid_Craft_Games_2,True,Farfadox,True,medium,True,2,strict_competitive_v3,creator_ceiling_or_strong_minecraft_specialist,Creator-first profile with strong Minecraft experience or creator-event performance; strict ruleset caps creators at T3.,
goncho,Goncho,Goncho,event_handle_needs_profile_check,,,minecraft_profile_lookup,https://mc-api.io/profile/Goncho/java,HISPANIC_CREATORS,3,creator_cap_strong_minecraft_or_event_performance,medium,https://es.wikipedia.org/wiki/Squid_Craft_Games_2,Squid Craft Games 2 roster,https://es.wikipedia.org/wiki/Squid_Craft_Games_2,True,Goncho,True,medium,True,4,strict_competitive_v3,creator_ceiling_or_strong_minecraft_specialist,Creator-first profile with strong Minecraft experience or creator-event performance; strict ruleset caps creators at T3.,
killercreeper55,KillerCreeper55,KillerCreeper55,event_handle_needs_profile_check,,,minecraft_profile_lookup,https://mc-api.io/profile/KillerCreeper55/java,HISPANIC_CREATORS,3,creator_cap_strong_minecraft_or_event_performance,medium,https://areajugones.sport.es/videojuegos/squid-craft-games-3-fecha-de-estreno-participantes-y-todas-las-novedades-del-evento/,Squid Craft Games 3 roster,https://areajugones.sport.es/videojuegos/squid-craft-games-3-fecha-de-estreno-participantes-y-todas-las-novedades-del-evento/,True,KillerCreeper55,True,medium,True,2,strict_competitive_v3,creator_ceiling_or_strong_minecraft_specialist,Creator-first profile with strong Minecraft experience or creator-event performance; strict ruleset caps creators at T3.,
olliegamerz,OllieGamerz,OllieGamerz,event_handle_needs_profile_check,,,minecraft_profile_lookup,https://mc-api.io/profile/OllieGamerz/java,HISPANIC_CREATORS,3,creator_cap_strong_minecraft_or_event_performance,medium,https://escharts.com/news/twitch-rivals-x-squidcraft-games-final-stats,Squid Craft Games 2 roster,https://es.wikipedia.org/wiki/Squid_Craft_Games_2,True,OllieGamerz,True,medium,True,2,strict_competitive_v3,creator_ceiling_or_strong_minecraft_specialist,"Won Squid Craft, but creator-event success is capped at T3.",
rapturss,Rapturss,Rapturss,event_handle_needs_profile_check,,,minecraft_profile_lookup,https://mc-api.io/profile/Rapturss/java,HISPANIC_CREATORS,3,creator_cap_strong_minecraft_or_event_performance,medium,https://es.wikipedia.org/wiki/Squid_Craft_Games_2,Squid Craft Games 2 roster,https://es.wikipedia.org/wiki/Squid_Craft_Games_2,True,Rapturss,True,medium,True,2,strict_competitive_v3,creator_ceiling_or_strong_minecraft_specialist,Creator-first profile with strong Minecraft experience or creator-event performance; strict ruleset caps creators at T3.,
serpias,Serpias,Serpias,event_handle_needs_profile_check,,,minecraft_profile_lookup,https://mc-api.io/profile/Serpias/java,HISPANIC_CREATORS,3,creator_cap_strong_minecraft_or_event_performance,medium,https://areajugones.sport.es/videojuegos/squid-craft-games-3-fecha-de-estreno-participantes-y-todas-las-novedades-del-evento/,Squid Craft Games 3 roster,https://areajugones.sport.es/videojuegos/squid-craft-games-3-fecha-de-estreno-participantes-y-todas-las-novedades-del-evento/,True,Serpias,True,medium,True,4,strict_competitive_v3,creator_ceiling_or_strong_minecraft_specialist,Creator-first profile with strong Minecraft experience or creator-event performance; strict ruleset caps creators at T3.,
silithur,Silithur,Silithur,event_handle_needs_profile_check,,,minecraft_profile_lookup,https://mc-api.io/profile/Silithur/java,HISPANIC_CREATORS,3,creator_cap_strong_minecraft_or_event_performance,medium,https://es.wikipedia.org/wiki/Squid_Craft_Games_2,Squid Craft Games 2 roster,https://es.wikipedia.org/wiki/Squid_Craft_Games_2,True,Silithur,True,medium,True,4,strict_competitive_v3,creator_ceiling_or_strong_minecraft_specialist,Creator-first profile with strong Minecraft experience or creator-event performance; strict ruleset caps creators at T3.,
soypan,SoyPan,SoyPan,event_handle_needs_profile_check,,,minecraft_profile_lookup,https://mc-api.io/profile/SoyPan/java,HISPANIC_CREATORS,3,creator_cap_strong_minecraft_or_event_performance,medium,https://es.wikipedia.org/wiki/Squid_Craft_Games_2,Squid Craft Games 2 roster,https://es.wikipedia.org/wiki/Squid_Craft_Games_2,True,SoyPan,True,medium,True,4,strict_competitive_v3,creator_ceiling_or_strong_minecraft_specialist,Creator-first profile with strong Minecraft experience or creator-event performance; strict ruleset caps creators at T3.,
spreendmc,Spreen,SpreenDMC,event_handle_needs_profile_check,,,minecraft_profile_lookup,https://mc-api.io/profile/SpreenDMC/java,HISPANIC_CREATORS,3,creator_cap_strong_minecraft_or_event_performance,medium,https://es.wikipedia.org/wiki/Squid_Craft_Games_2,Squid Craft Games 2 roster,https://es.wikipedia.org/wiki/Squid_Craft_Games_2,True,SpreenDMC,True,medium,True,2,strict_competitive_v3,creator_ceiling_or_strong_minecraft_specialist,Creator-first profile with strong Minecraft experience or creator-event performance; strict ruleset caps creators at T3.,
thefocus,TheFocus,TheFocus,event_handle_needs_profile_check,,,minecraft_profile_lookup,https://mc-api.io/profile/TheFocus/java,HISPANIC_CREATORS,3,creator_cap_strong_minecraft_or_event_performance,medium,https://es.wikipedia.org/wiki/Squid_Craft_Games_2,Squid Craft Games 2 roster,https://es.wikipedia.org/wiki/Squid_Craft_Games_2,True,TheFocus,True,medium,True,2,strict_competitive_v3,creator_ceiling_or_strong_minecraft_specialist,Creator-first profile with strong Minecraft experience or creator-event performance; strict ruleset caps creators at T3.,
tivotabo,Tivotabo,Tivotabo,event_handle_needs_profile_check,,,minecraft_profile_lookup,https://mc-api.io/profile/Tivotabo/java,HISPANIC_CREATORS,3,creator_cap_strong_minecraft_or_event_performance,medium,https://streamscharts.com/news/twitch-rivals-squid-craft-games-4-recap,Squid Craft Games 4 roster,https://www.3djuegos.com/streamers/noticias/todos-participantes-fecha-squid-craft-games-4-competicion-rubius-auronplay-komanche-se-despide-a-grande,True,Tivotabo,True,medium,True,4,strict_competitive_v3,creator_ceiling_or_strong_minecraft_specialist,"Won Squid Craft 4, but creator-event success is capped at T3.",
acenix,Acenix,Acenix,known_creator_handle_needs_profile_check,,,minecraft_profile_lookup,https://mc-api.io/profile/Acenix/java,HISPANIC_CREATORS,4,experienced_minecraft_creator_noncompetitive,medium,https://es.wikipedia.org/wiki/Karmaland,Historical Hispanic Minecraft creator curation,https://es.wikipedia.org/wiki/Karmaland,True,Acenix,True,medium_low,True,3,strict_competitive_v3,experienced_minecraft_creator_noncompetitive,"Meaningful Minecraft experience, but no independent evidence justifying competitive T1/T2.",
alexby11,Alexby11,Alexby11,event_handle_needs_profile_check,,,minecraft_profile_lookup,https://mc-api.io/profile/Alexby11/java,HISPANIC_CREATORS,4,experienced_minecraft_creator_noncompetitive,medium,https://es.wikipedia.org/wiki/Squid_Craft_Games_2,Squid Craft Games 2 roster,https://es.wikipedia.org/wiki/Squid_Craft_Games_2,True,Alexby11,True,medium,True,3,strict_competitive_v3,experienced_minecraft_creator_noncompetitive,"Meaningful Minecraft experience, but no independent evidence justifying competitive T1/T2.",
barcagamer,BarcaGamer,BarcaGamer,event_handle_needs_profile_check,,,minecraft_profile_lookup,https://mc-api.io/profile/BarcaGamer/java,HISPANIC_CREATORS,4,experienced_minecraft_creator_noncompetitive,medium_low,https://es.wikipedia.org/wiki/Squid_Craft_Games_2,Squid Craft Games 2 roster,https://es.wikipedia.org/wiki/Squid_Craft_Games_2,True,BarcaGamer,True,medium,True,3,strict_competitive_v3,experienced_minecraft_creator_noncompetitive,"Meaningful Minecraft experience, but no independent evidence justifying competitive T1/T2.",
bboymoreno92,Bboymoreno,bboymoreno92,creator_handle_web_verified,,,minecraft_profile_lookup,https://mc-api.io/profile/bboymoreno92/java,HISPANIC_CREATORS,4,experienced_minecraft_creator_noncompetitive,medium,https://es.wikipedia.org/wiki/Karmaland,Historical Hispanic Minecraft creator curation,https://es.wikipedia.org/wiki/Karmaland,True,bboymoreno92,True,medium_high,True,3,strict_competitive_v3,experienced_minecraft_creator_noncompetitive,"Meaningful Minecraft experience, but no independent evidence justifying competitive T1/T2.",
bobicraftmc,BobicraftMC,BobicraftMC,event_handle_needs_profile_check,,,minecraft_profile_lookup,https://mc-api.io/profile/BobicraftMC/java,HISPANIC_CREATORS,4,experienced_minecraft_creator_noncompetitive,medium,https://es.wikipedia.org/wiki/Squid_Craft_Games_2,Squid Craft Games 2 roster,https://es.wikipedia.org/wiki/Squid_Craft_Games_2,True,BobicraftMC,True,medium,True,3,strict_competitive_v3,experienced_minecraft_creator_noncompetitive,"Meaningful Minecraft experience, but no independent evidence justifying competitive T1/T2.",
bystaxx,ByStaxx,ByStaxx,event_handle_needs_profile_check,,,minecraft_profile_lookup,https://mc-api.io/profile/ByStaxx/java,HISPANIC_CREATORS,4,experienced_minecraft_creator_noncompetitive,medium,https://areajugones.sport.es/videojuegos/squid-craft-games-3-fecha-de-estreno-participantes-y-todas-las-novedades-del-evento/,Squid Craft Games 3 roster,https://areajugones.sport.es/videojuegos/squid-craft-games-3-fecha-de-estreno-participantes-y-todas-las-novedades-del-evento/,True,ByStaxx,True,medium,True,3,strict_competitive_v3,experienced_minecraft_creator_noncompetitive,"Meaningful Minecraft experience, but no independent evidence justifying competitive T1/T2.",
coolifegame,CooLifeGame,CooLifeGame,event_handle_needs_profile_check,,,minecraft_profile_lookup,https://mc-api.io/profile/CooLifeGame/java,HISPANIC_CREATORS,4,experienced_minecraft_creator_noncompetitive,medium_low,https://es.wikipedia.org/wiki/Squid_Craft_Games_2,Squid Craft Games 2 roster,https://es.wikipedia.org/wiki/Squid_Craft_Games_2,True,CooLifeGame,True,medium,True,3,strict_competitive_v3,experienced_minecraft_creator_noncompetitive,"Meaningful Minecraft experience, but no independent evidence justifying competitive T1/T2.",
dylantero,Dylantero,Dylantero,event_handle_needs_profile_check,,,minecraft_profile_lookup,https://mc-api.io/profile/Dylantero/java,HISPANIC_CREATORS,4,experienced_minecraft_creator_noncompetitive,medium_low,https://es.wikipedia.org/wiki/Squid_Craft_Games_2,Squid Craft Games 2 roster,https://es.wikipedia.org/wiki/Squid_Craft_Games_2,True,Dylantero,True,medium,True,3,strict_competitive_v3,experienced_minecraft_creator_noncompetitive,"Meaningful Minecraft experience, but no independent evidence justifying competitive T1/T2.",
elrubius,ElRubius,ElRubius,event_handle_needs_profile_check,,,minecraft_profile_lookup,https://mc-api.io/profile/ElRubius/java,HISPANIC_CREATORS,4,experienced_minecraft_creator_noncompetitive,medium,https://es.wikipedia.org/wiki/Squid_Craft_Games_2,Squid Craft Games 2 roster,https://es.wikipedia.org/wiki/Squid_Craft_Games_2,True,ElRubius,True,medium,True,4,strict_competitive_v3,experienced_minecraft_creator_noncompetitive,"Meaningful Minecraft experience, but no independent evidence justifying competitive T1/T2.",
eltrollino,ElTrollino,ElTrollino,known_creator_handle_needs_profile_check,,,minecraft_profile_lookup,https://mc-api.io/profile/ElTrollino/java,HISPANIC_CREATORS,4,experienced_minecraft_creator_noncompetitive,medium,https://es.wikipedia.org/wiki/Karmaland,Historical Hispanic Minecraft creator curation,https://es.wikipedia.org/wiki/Karmaland,True,ElTrollino,True,medium_low,True,3,strict_competitive_v3,experienced_minecraft_creator_noncompetitive,"Meaningful Minecraft experience, but no independent evidence justifying competitive T1/T2.",
fargan,Fargan,Fargan,known_creator_handle_needs_profile_check,,,minecraft_profile_lookup,https://mc-api.io/profile/Fargan/java,HISPANIC_CREATORS,4,experienced_minecraft_creator_noncompetitive,medium,https://es.wikipedia.org/wiki/Karmaland,Historical Hispanic Minecraft creator curation,https://es.wikipedia.org/wiki/Karmaland,True,Fargan,True,medium_low,True,3,strict_competitive_v3,experienced_minecraft_creator_noncompetitive,"Meaningful Minecraft experience, but no independent evidence justifying competitive T1/T2.",
folagor03,Folagor03,Folagor03,event_handle_needs_profile_check,,,minecraft_profile_lookup,https://mc-api.io/profile/Folagor03/java,HISPANIC_CREATORS,4,experienced_minecraft_creator_noncompetitive,medium,https://es.wikipedia.org/wiki/Squid_Craft_Games_2,Squid Craft Games 2 roster,https://es.wikipedia.org/wiki/Squid_Craft_Games_2,True,Folagor03,True,medium,True,3,strict_competitive_v3,experienced_minecraft_creator_noncompetitive,"Meaningful Minecraft experience, but no independent evidence justifying competitive T1/T2.",
germangarmendia,GermanGarmendia,GermanGarmendia,event_handle_needs_profile_check,,,minecraft_profile_lookup,https://mc-api.io/profile/GermanGarmendia/java,HISPANIC_CREATORS,4,experienced_minecraft_creator_noncompetitive,medium_low,https://areajugones.sport.es/videojuegos/squid-craft-games-3-fecha-de-estreno-participantes-y-todas-las-novedades-del-evento/,Squid Craft Games 3 roster,https://areajugones.sport.es/videojuegos/squid-craft-games-3-fecha-de-estreno-participantes-y-todas-las-novedades-del-evento/,True,GermanGarmendia,True,medium,True,3,strict_competitive_v3,experienced_minecraft_creator_noncompetitive,"Meaningful Minecraft experience, but no independent evidence justifying competitive T1/T2.",
invictor,Invictor,Invictor,known_creator_handle_needs_profile_check,,,minecraft_profile_lookup,https://mc-api.io/profile/Invictor/java,HISPANIC_CREATORS,4,experienced_minecraft_creator_noncompetitive,medium,https://es.wikipedia.org/wiki/Karmaland,Historical Hispanic Minecraft creator curation,https://es.wikipedia.org/wiki/Karmaland,True,Invictor,True,medium_low,True,3,strict_competitive_v3,experienced_minecraft_creator_noncompetitive,"Meaningful Minecraft experience, but no independent evidence justifying competitive T1/T2.",
juansguarnizo,JuanSGuarnizo,JuanSGuarnizo,event_handle_needs_profile_check,,,minecraft_profile_lookup,https://mc-api.io/profile/JuanSGuarnizo/java,HISPANIC_CREATORS,4,experienced_minecraft_creator_noncompetitive,medium,https://es.wikipedia.org/wiki/Squid_Craft_Games_2,Squid Craft Games 2 roster,https://es.wikipedia.org/wiki/Squid_Craft_Games_2,True,JuanSGuarnizo,True,medium,True,3,strict_competitive_v3,experienced_minecraft_creator_noncompetitive,"Meaningful Minecraft experience, but no independent evidence justifying competitive T1/T2.",
komanche,Komanche,Komanche,event_handle_needs_profile_check,,,minecraft_profile_lookup,https://mc-api.io/profile/Komanche/java,HISPANIC_CREATORS,4,experienced_minecraft_creator_noncompetitive,medium,https://es.wikipedia.org/wiki/Squid_Craft_Games_2,Squid Craft Games 2 roster,https://es.wikipedia.org/wiki/Squid_Craft_Games_2,True,Komanche,True,medium,True,3,strict_competitive_v3,experienced_minecraft_creator_noncompetitive,"Meaningful Minecraft experience, but no independent evidence justifying competitive T1/T2.",
lolitofdez,LolitoFdez,LolitoFdez,known_creator_handle_needs_profile_check,,,minecraft_profile_lookup,https://mc-api.io/profile/LolitoFdez/java,HISPANIC_CREATORS,4,experienced_minecraft_creator_noncompetitive,medium,https://es.wikipedia.org/wiki/Karmaland,Historical Hispanic Minecraft creator curation,https://es.wikipedia.org/wiki/Karmaland,True,LolitoFdez,True,medium_low,True,3,strict_competitive_v3,experienced_minecraft_creator_noncompetitive,"Meaningful Minecraft experience, but no independent evidence justifying competitive T1/T2.",
luzu,Luzu,Luzu,event_handle_needs_profile_check,,,minecraft_profile_lookup,https://mc-api.io/profile/Luzu/java,HISPANIC_CREATORS,4,experienced_minecraft_creator_noncompetitive,medium,https://es.wikipedia.org/wiki/Squid_Craft_Games_2,Squid Craft Games 2 roster,https://es.wikipedia.org/wiki/Squid_Craft_Games_2,True,Luzu,True,medium,True,3,strict_competitive_v3,experienced_minecraft_creator_noncompetitive,"Meaningful Minecraft experience, but no independent evidence justifying competitive T1/T2.",
mangel,Mangel,Mangel,known_creator_handle_needs_profile_check,,,minecraft_profile_lookup,https://mc-api.io/profile/Mangel/java,HISPANIC_CREATORS,4,experienced_minecraft_creator_noncompetitive,medium,https://es.wikipedia.org/wiki/Karmaland,Historical Hispanic Minecraft creator curation,https://es.wikipedia.org/wiki/Karmaland,True,Mangel,True,medium_low,True,3,strict_competitive_v3,experienced_minecraft_creator_noncompetitive,"Meaningful Minecraft experience, but no independent evidence justifying competitive T1/T2.",
manucraft,Manucraft,Manucraft,event_handle_needs_profile_check,,,minecraft_profile_lookup,https://mc-api.io/profile/Manucraft/java,HISPANIC_CREATORS,4,experienced_minecraft_creator_noncompetitive,medium_low,https://es.wikipedia.org/wiki/Squid_Craft_Games_2,Squid Craft Games 2 roster,https://es.wikipedia.org/wiki/Squid_Craft_Games_2,True,Manucraft,True,medium,True,3,strict_competitive_v3,experienced_minecraft_creator_noncompetitive,"Meaningful Minecraft experience, but no independent evidence justifying competitive T1/T2.",
mayo97,Mayo97,Mayo97,known_creator_handle_needs_profile_check,,,minecraft_profile_lookup,https://mc-api.io/profile/Mayo97/java,HISPANIC_CREATORS,4,experienced_minecraft_creator_noncompetitive,medium_low,https://es.wikipedia.org/wiki/Karmaland,Historical Hispanic Minecraft creator curation,https://es.wikipedia.org/wiki/Karmaland,True,Mayo97,True,medium_low,True,3,strict_competitive_v3,experienced_minecraft_creator_noncompetitive,"Meaningful Minecraft experience, but no independent evidence justifying competitive T1/T2.",
mikecrack,Mikecrack,Mikecrack,known_creator_handle_needs_profile_check,,,minecraft_profile_lookup,https://mc-api.io/profile/Mikecrack/java,HISPANIC_CREATORS,4,experienced_minecraft_creator_noncompetitive,medium,https://es.wikipedia.org/wiki/Karmaland,Historical Hispanic Minecraft creator curation,https://es.wikipedia.org/wiki/Karmaland,True,Mikecrack,True,medium_low,True,3,strict_competitive_v3,experienced_minecraft_creator_noncompetitive,"Meaningful Minecraft experience, but no independent evidence justifying competitive T1/T2.",
mr_stiven,Mr.Stiven,,unresolved_invalid_java_name_syntax,,,minecraft_profile_lookup,,HISPANIC_CREATORS,4,experienced_minecraft_creator_noncompetitive,medium,https://www.3djuegos.com/streamers/noticias/todos-participantes-fecha-squid-craft-games-4-competicion-rubius-auronplay-komanche-se-despide-a-grande,Squid Craft Games 4 roster,https://www.3djuegos.com/streamers/noticias/todos-participantes-fecha-squid-craft-games-4-competicion-rubius-auronplay-komanche-se-despide-a-grande,True,Mr.Stiven,False,low,True,3,strict_competitive_v3,experienced_minecraft_creator_noncompetitive,"Meaningful Minecraft experience, but no independent evidence justifying competitive T1/T2.",
outconsumer,OutConsumer,OutConsumer,event_handle_needs_profile_check,,,minecraft_profile_lookup,https://mc-api.io/profile/OutConsumer/java,HISPANIC_CREATORS,4,experienced_minecraft_creator_noncompetitive,medium_low,https://es.wikipedia.org/wiki/Squid_Craft_Games_2,Squid Craft Games 2 roster,https://es.wikipedia.org/wiki/Squid_Craft_Games_2,True,OutConsumer,True,medium,True,3,strict_competitive_v3,experienced_minecraft_creator_noncompetitive,"Meaningful Minecraft experience, but no independent evidence justifying competitive T1/T2.",
patodeaqualand,PatoDeAqualand,PatoDeAqualand,event_handle_needs_profile_check,,,minecraft_profile_lookup,https://mc-api.io/profile/PatoDeAqualand/java,HISPANIC_CREATORS,4,experienced_minecraft_creator_noncompetitive,medium_low,https://es.wikipedia.org/wiki/Squid_Craft_Games_2,Squid Craft Games 2 roster,https://es.wikipedia.org/wiki/Squid_Craft_Games_2,True,PatoDeAqualand,True,medium,True,3,strict_competitive_v3,experienced_minecraft_creator_noncompetitive,"Meaningful Minecraft experience, but no independent evidence justifying competitive T1/T2.",
quackity,Quackity,Quackity,event_handle_needs_profile_check,,,minecraft_profile_lookup,https://mc-api.io/profile/Quackity/java,HISPANIC_CREATORS,4,experienced_minecraft_creator_noncompetitive,medium,https://es.wikipedia.org/wiki/Squid_Craft_Games_2,Squid Craft Games 2 roster,https://es.wikipedia.org/wiki/Squid_Craft_Games_2,True,Quackity,True,medium,True,3,strict_competitive_v3,experienced_minecraft_creator_noncompetitive,"Meaningful Minecraft experience, but no independent evidence justifying competitive T1/T2.",
roier,Roier,Roier,event_handle_needs_profile_check,,,minecraft_profile_lookup,https://mc-api.io/profile/Roier/java,HISPANIC_CREATORS,4,experienced_minecraft_creator_noncompetitive,medium,https://es.wikipedia.org/wiki/Squid_Craft_Games_2,Squid Craft Games 2 roster,https://es.wikipedia.org/wiki/Squid_Craft_Games_2,True,Roier,True,medium,True,3,strict_competitive_v3,experienced_minecraft_creator_noncompetitive,"Meaningful Minecraft experience, but no independent evidence justifying competitive T1/T2.",
sparta356,Sparta356,Sparta356,known_creator_handle_needs_profile_check,,,minecraft_profile_lookup,https://mc-api.io/profile/Sparta356/java,HISPANIC_CREATORS,4,experienced_minecraft_creator_noncompetitive,medium_low,https://es.wikipedia.org/wiki/Karmaland,Historical Hispanic Minecraft creator curation,https://es.wikipedia.org/wiki/Karmaland,True,Sparta356,True,medium_low,True,3,strict_competitive_v3,experienced_minecraft_creator_noncompetitive,"Meaningful Minecraft experience, but no independent evidence justifying competitive T1/T2.",
thedonato,Thedonato,Thedonato,event_handle_needs_profile_check,,,minecraft_profile_lookup,https://mc-api.io/profile/Thedonato/java,HISPANIC_CREATORS,4,experienced_minecraft_creator_noncompetitive,medium_low,https://areajugones.sport.es/videojuegos/squid-craft-games-3-fecha-de-estreno-participantes-y-todas-las-novedades-del-evento/,Squid Craft Games 3 roster,https://areajugones.sport.es/videojuegos/squid-craft-games-3-fecha-de-estreno-participantes-y-todas-las-novedades-del-evento/,True,Thedonato,True,medium,True,3,strict_competitive_v3,experienced_minecraft_creator_noncompetitive,"Meaningful Minecraft experience, but no independent evidence justifying competitive T1/T2.",
thegrefg,TheGrefg,TheGrefg,event_handle_needs_profile_check,,,minecraft_profile_lookup,https://mc-api.io/profile/TheGrefg/java,HISPANIC_CREATORS,4,experienced_minecraft_creator_noncompetitive,medium,https://es.wikipedia.org/wiki/Squid_Craft_Games_2,Squid Craft Games 2 roster,https://es.wikipedia.org/wiki/Squid_Craft_Games_2,True,TheGrefg,True,medium,True,3,strict_competitive_v3,experienced_minecraft_creator_noncompetitive,"Meaningful Minecraft experience, but no independent evidence justifying competitive T1/T2.",
timbavk,TimbaVk,TimbaVk,known_creator_handle_needs_profile_check,,,minecraft_profile_lookup,https://mc-api.io/profile/TimbaVk/java,HISPANIC_CREATORS,4,experienced_minecraft_creator_noncompetitive,medium,https://es.wikipedia.org/wiki/Karmaland,Historical Hispanic Minecraft creator curation,https://es.wikipedia.org/wiki/Karmaland,True,TimbaVk,True,medium_low,True,3,strict_competitive_v3,experienced_minecraft_creator_noncompetitive,"Meaningful Minecraft experience, but no independent evidence justifying competitive T1/T2.",
vegetta777,Vegetta777,VEGETTA777,profile_found_namemc,,,minecraft_profile_lookup,https://mc-api.io/profile/VEGETTA777/java,HISPANIC_CREATORS,4,experienced_minecraft_creator_noncompetitive,medium,https://www.3djuegos.com/streamers/noticias/todos-participantes-fecha-squid-craft-games-4-competicion-rubius-auronplay-komanche-se-despide-a-grande,Squid Craft Games 4 roster,https://www.3djuegos.com/streamers/noticias/todos-participantes-fecha-squid-craft-games-4-competicion-rubius-auronplay-komanche-se-despide-a-grande,True,VEGETTA777,True,medium_high,True,3,strict_competitive_v3,experienced_minecraft_creator_noncompetitive,"Meaningful Minecraft experience, but no independent evidence justifying competitive T1/T2.",
thewillyrex,Willyrex,TheWillyrex,profile_found_namemc,,,minecraft_profile_lookup,https://mc-api.io/profile/TheWillyrex/java,HISPANIC_CREATORS,4,experienced_minecraft_creator_noncompetitive,medium,https://es.wikipedia.org/wiki/Karmaland,Historical Hispanic Minecraft creator curation,https://es.wikipedia.org/wiki/Karmaland,True,TheWillyrex,True,medium_high,True,3,strict_competitive_v3,experienced_minecraft_creator_noncompetitive,"Meaningful Minecraft experience, but no independent evidence justifying competitive T1/T2.",
zellendust,ZellenDust,ZellenDust,event_handle_needs_profile_check,,,minecraft_profile_lookup,https://mc-api.io/profile/ZellenDust/java,HISPANIC_CREATORS,4,experienced_minecraft_creator_noncompetitive,medium_low,https://es.wikipedia.org/wiki/Squid_Craft_Games_2,Squid Craft Games 2 roster,https://es.wikipedia.org/wiki/Squid_Craft_Games_2,True,ZellenDust,True,medium,True,3,strict_competitive_v3,experienced_minecraft_creator_noncompetitive,"Meaningful Minecraft experience, but no independent evidence justifying competitive T1/T2.",
8cho,8cho,8cho,event_handle_needs_profile_check,,,minecraft_profile_lookup,https://mc-api.io/profile/8cho/java,HISPANIC_CREATORS,5,casual_creator_or_insufficient_competitive_evidence,medium_low,https://es.wikipedia.org/wiki/Squid_Craft_Games_2,Squid Craft Games 2 roster,https://es.wikipedia.org/wiki/Squid_Craft_Games_2,True,8cho,True,medium,True,4,strict_competitive_v3,casual_creator_or_unverified_competitive_skill,Creator/event participation alone is not treated as competitive skill evidence.,
abby,Abby,Abby,event_handle_needs_profile_check,,,minecraft_profile_lookup,https://mc-api.io/profile/Abby/java,HISPANIC_CREATORS,5,casual_creator_or_insufficient_competitive_evidence,medium_low,https://areajugones.sport.es/videojuegos/squid-craft-games-3-fecha-de-estreno-participantes-y-todas-las-novedades-del-evento/,Squid Craft Games 3 roster,https://areajugones.sport.es/videojuegos/squid-craft-games-3-fecha-de-estreno-participantes-y-todas-las-novedades-del-evento/,True,Abby,True,medium,True,4,strict_competitive_v3,casual_creator_or_unverified_competitive_skill,Creator/event participation alone is not treated as competitive skill evidence.,
acavia,Acavia,Acavia,event_handle_needs_profile_check,,,minecraft_profile_lookup,https://mc-api.io/profile/Acavia/java,HISPANIC_CREATORS,5,casual_creator_or_insufficient_competitive_evidence,medium_low,https://www.3djuegos.com/streamers/noticias/todos-participantes-fecha-squid-craft-games-4-competicion-rubius-auronplay-komanche-se-despide-a-grande,Squid Craft Games 4 roster,https://www.3djuegos.com/streamers/noticias/todos-participantes-fecha-squid-craft-games-4-competicion-rubius-auronplay-komanche-se-despide-a-grande,True,Acavia,True,medium,True,4,strict_competitive_v3,casual_creator_or_unverified_competitive_skill,Creator/event participation alone is not treated as competitive skill evidence.,
agentemaxo,AgenteMaxo,AgenteMaxo,event_handle_needs_profile_check,,,minecraft_profile_lookup,https://mc-api.io/profile/AgenteMaxo/java,HISPANIC_CREATORS,5,casual_creator_or_insufficient_competitive_evidence,medium_low,https://es.wikipedia.org/wiki/Squid_Craft_Games_2,Squid Craft Games 2 roster,https://es.wikipedia.org/wiki/Squid_Craft_Games_2,True,AgenteMaxo,True,medium,True,4,strict_competitive_v3,casual_creator_or_unverified_competitive_skill,Creator/event participation alone is not treated as competitive skill evidence.,
agustabell,Agustabell,Agustabell,event_handle_needs_profile_check,,,minecraft_profile_lookup,https://mc-api.io/profile/Agustabell/java,HISPANIC_CREATORS,5,casual_creator_or_insufficient_competitive_evidence,medium_low,https://movistaresports.com/streamers-participaran-minecraft-extremo-3/,Minecraft Extremo 3 roster,https://movistaresports.com/streamers-participaran-minecraft-extremo-3/,True,Agustabell,True,medium,True,4,strict_competitive_v3,casual_creator_or_unverified_competitive_skill,Creator/event participation alone is not treated as competitive skill evidence.,
agustin51,Agustin51,Agustin51,event_handle_needs_profile_check,,,minecraft_profile_lookup,https://mc-api.io/profile/Agustin51/java,HISPANIC_CREATORS,5,casual_creator_or_insufficient_competitive_evidence,medium_low,https://es.wikipedia.org/wiki/Squid_Craft_Games_2,Squid Craft Games 2 roster,https://es.wikipedia.org/wiki/Squid_Craft_Games_2,True,Agustin51,True,medium,True,4,strict_competitive_v3,casual_creator_or_unverified_competitive_skill,Creator/event participation alone is not treated as competitive skill evidence.,
alainboss,Alainboss,Alainboss,event_handle_needs_profile_check,,,minecraft_profile_lookup,https://mc-api.io/profile/Alainboss/java,HISPANIC_CREATORS,5,casual_creator_or_insufficient_competitive_evidence,medium_low,https://www.3djuegos.com/streamers/noticias/todos-participantes-fecha-squid-craft-games-4-competicion-rubius-auronplay-komanche-se-despide-a-grande,Squid Craft Games 4 roster,https://www.3djuegos.com/streamers/noticias/todos-participantes-fecha-squid-craft-games-4-competicion-rubius-auronplay-komanche-se-despide-a-grande,True,Alainboss,True,medium,True,4,strict_competitive_v3,casual_creator_or_unverified_competitive_skill,Creator/event participation alone is not treated as competitive skill evidence.,
alana,Alana,Alana,event_handle_needs_profile_check,,,minecraft_profile_lookup,https://mc-api.io/profile/Alana/java,HISPANIC_CREATORS,5,casual_creator_or_insufficient_competitive_evidence,medium_low,https://areajugones.sport.es/videojuegos/squid-craft-games-3-fecha-de-estreno-participantes-y-todas-las-novedades-del-evento/,Squid Craft Games 3 roster,https://areajugones.sport.es/videojuegos/squid-craft-games-3-fecha-de-estreno-participantes-y-todas-las-novedades-del-evento/,True,Alana,True,medium,True,4,strict_competitive_v3,casual_creator_or_unverified_competitive_skill,Creator/event participation alone is not treated as competitive skill evidence.,
alanalarana,Alanalarana,Alanalarana,event_handle_needs_profile_check,,,minecraft_profile_lookup,https://mc-api.io/profile/Alanalarana/java,HISPANIC_CREATORS,5,casual_creator_or_insufficient_competitive_evidence,medium_low,https://es.wikipedia.org/wiki/Squid_Craft_Games_2,Squid Craft Games 2 roster,https://es.wikipedia.org/wiki/Squid_Craft_Games_2,True,Alanalarana,True,medium,True,4,strict_competitive_v3,casual_creator_or_unverified_competitive_skill,Creator/event participation alone is not treated as competitive skill evidence.,
alba_clouthier,Alba Clouthier,AlbaClouthier,event_handle_needs_profile_check,,,minecraft_profile_lookup,https://mc-api.io/profile/AlbaClouthier/java,HISPANIC_CREATORS,5,casual_creator_or_insufficient_competitive_evidence,medium_low,https://areajugones.sport.es/videojuegos/squid-craft-games-3-fecha-de-estreno-participantes-y-todas-las-novedades-del-evento/,Squid Craft Games 3 roster,https://areajugones.sport.es/videojuegos/squid-craft-games-3-fecha-de-estreno-participantes-y-todas-las-novedades-del-evento/,True,AlbaClouthier,True,medium,True,4,strict_competitive_v3,casual_creator_or_unverified_competitive_skill,Creator/event participation alone is not treated as competitive skill evidence.,
aldo_geo,Aldo_Geo,Aldo_Geo,event_handle_needs_profile_check,,,minecraft_profile_lookup,https://mc-api.io/profile/Aldo_Geo/java,HISPANIC_CREATORS,5,casual_creator_or_insufficient_competitive_evidence,medium_low,https://es.wikipedia.org/wiki/Squid_Craft_Games_2,Squid Craft Games 2 roster,https://es.wikipedia.org/wiki/Squid_Craft_Games_2,True,Aldo_Geo,True,medium,True,4,strict_competitive_v3,casual_creator_or_unverified_competitive_skill,Creator/event participation alone is not treated as competitive skill evidence.,
alechernandezc,AlecHernandezC,AlecHernandezC,event_handle_needs_profile_check,,,minecraft_profile_lookup,https://mc-api.io/profile/AlecHernandezC/java,HISPANIC_CREATORS,5,casual_creator_or_insufficient_competitive_evidence,medium_low,https://es.wikipedia.org/wiki/Squid_Craft_Games_2,Squid Craft Games 2 roster,https://es.wikipedia.org/wiki/Squid_Craft_Games_2,True,AlecHernandezC,True,medium,True,4,strict_competitive_v3,casual_creator_or_unverified_competitive_skill,Creator/event participation alone is not treated as competitive skill evidence.,
alecomeco,Alecomeco,Alecomeco,event_handle_needs_profile_check,,,minecraft_profile_lookup,https://mc-api.io/profile/Alecomeco/java,HISPANIC_CREATORS,5,casual_creator_or_insufficient_competitive_evidence,medium_low,https://es.wikipedia.org/wiki/Squid_Craft_Games_2,Squid Craft Games 2 roster,https://es.wikipedia.org/wiki/Squid_Craft_Games_2,True,Alecomeco,True,medium,True,4,strict_competitive_v3,casual_creator_or_unverified_competitive_skill,Creator/event participation alone is not treated as competitive skill evidence.,
alexelcapo,Alexelcapo,Alexelcapo,known_creator_handle_needs_profile_check,,,minecraft_profile_lookup,https://mc-api.io/profile/Alexelcapo/java,HISPANIC_CREATORS,5,casual_creator_or_insufficient_competitive_evidence,medium_low,https://es.wikipedia.org/wiki/Karmaland,Historical Hispanic Minecraft creator curation,https://es.wikipedia.org/wiki/Karmaland,True,Alexelcapo,True,medium_low,True,4,strict_competitive_v3,casual_creator_or_unverified_competitive_skill,Creator/event participation alone is not treated as competitive skill evidence.,
alexomarr,alexomarr,alexomarr,event_handle_needs_profile_check,,,minecraft_profile_lookup,https://mc-api.io/profile/alexomarr/java,HISPANIC_CREATORS,5,casual_creator_or_insufficient_competitive_evidence,medium_low,https://areajugones.sport.es/videojuegos/squid-craft-games-3-fecha-de-estreno-participantes-y-todas-las-novedades-del-evento/,Squid Craft Games 3 roster,https://areajugones.sport.es/videojuegos/squid-craft-games-3-fecha-de-estreno-participantes-y-todas-las-novedades-del-evento/,True,alexomarr,True,medium,True,4,strict_competitive_v3,casual_creator_or_unverified_competitive_skill,Creator/event participation alone is not treated as competitive skill evidence.,
alkapone,Alkapone,Alkapone,event_handle_needs_profile_check,,,minecraft_profile_lookup,https://mc-api.io/profile/Alkapone/java,HISPANIC_CREATORS,5,casual_creator_or_insufficient_competitive_evidence,medium_low,https://es.wikipedia.org/wiki/Squid_Craft_Games_2,Squid Craft Games 2 roster,https://es.wikipedia.org/wiki/Squid_Craft_Games_2,True,Alkapone,True,medium,True,4,strict_competitive_v3,casual_creator_or_unverified_competitive_skill,Creator/event participation alone is not treated as competitive skill evidence.,
alondrissa,Alondrissa,Alondrissa,event_handle_needs_profile_check,,,minecraft_profile_lookup,https://mc-api.io/profile/Alondrissa/java,HISPANIC_CREATORS,5,casual_creator_or_insufficient_competitive_evidence,medium_low,https://areajugones.sport.es/videojuegos/squid-craft-games-3-fecha-de-estreno-participantes-y-todas-las-novedades-del-evento/,Squid Craft Games 3 roster,https://areajugones.sport.es/videojuegos/squid-craft-games-3-fecha-de-estreno-participantes-y-todas-las-novedades-del-evento/,True,Alondrissa,True,medium,True,4,strict_competitive_v3,casual_creator_or_unverified_competitive_skill,Creator/event participation alone is not treated as competitive skill evidence.,
amablitz,Amablitz,Amablitz,event_handle_needs_profile_check,,,minecraft_profile_lookup,https://mc-api.io/profile/Amablitz/java,HISPANIC_CREATORS,5,casual_creator_or_insufficient_competitive_evidence,medium_low,https://es.wikipedia.org/wiki/Squid_Craft_Games_2,Squid Craft Games 2 roster,https://es.wikipedia.org/wiki/Squid_Craft_Games_2,True,Amablitz,True,medium,True,4,strict_competitive_v3,casual_creator_or_unverified_competitive_skill,Creator/event participation alone is not treated as competitive skill evidence.,
ampeter,Ampeter,Ampeter,event_handle_needs_profile_check,,,minecraft_profile_lookup,https://mc-api.io/profile/Ampeter/java,HISPANIC_CREATORS,5,casual_creator_or_insufficient_competitive_evidence,medium_low,https://es.wikipedia.org/wiki/Squid_Craft_Games_2,Squid Craft Games 2 roster,https://es.wikipedia.org/wiki/Squid_Craft_Games_2,True,Ampeter,True,medium,True,4,strict_competitive_v3,casual_creator_or_unverified_competitive_skill,Creator/event participation alone is not treated as competitive skill evidence.,
ander,Ander,Ander,event_handle_needs_profile_check,,,minecraft_profile_lookup,https://mc-api.io/profile/Ander/java,HISPANIC_CREATORS,5,casual_creator_or_insufficient_competitive_evidence,medium_low,https://areajugones.sport.es/videojuegos/squid-craft-games-3-fecha-de-estreno-participantes-y-todas-las-novedades-del-evento/,Squid Craft Games 3 roster,https://areajugones.sport.es/videojuegos/squid-craft-games-3-fecha-de-estreno-participantes-y-todas-las-novedades-del-evento/,True,Ander,True,medium,True,4,strict_competitive_v3,casual_creator_or_unverified_competitive_skill,Creator/event participation alone is not treated as competitive skill evidence.,
angie_velasco,Angie Velasco,AngieVelasco,event_handle_needs_profile_check,,,minecraft_profile_lookup,https://mc-api.io/profile/AngieVelasco/java,HISPANIC_CREATORS,5,casual_creator_or_insufficient_competitive_evidence,medium_low,https://www.3djuegos.com/streamers/noticias/todos-participantes-fecha-squid-craft-games-4-competicion-rubius-auronplay-komanche-se-despide-a-grande,Squid Craft Games 4 roster,https://www.3djuegos.com/streamers/noticias/todos-participantes-fecha-squid-craft-games-4-competicion-rubius-auronplay-komanche-se-despide-a-grande,True,AngieVelasco,True,medium,True,5,strict_competitive_v3,casual_creator_or_unverified_competitive_skill,Creator/event participation alone is not treated as competitive skill evidence.,
ansichan,AnsiChan,AnsiChan,event_handle_needs_profile_check,,,minecraft_profile_lookup,https://mc-api.io/profile/AnsiChan/java,HISPANIC_CREATORS,5,casual_creator_or_insufficient_competitive_evidence,medium_low,https://movistaresports.com/streamers-participaran-minecraft-extremo-3/,Minecraft Extremo 3 roster,https://movistaresports.com/streamers-participaran-minecraft-extremo-3/,True,AnsiChan,True,medium,True,4,strict_competitive_v3,casual_creator_or_unverified_competitive_skill,Creator/event participation alone is not treated as competitive skill evidence.,
antonicra,Antonicra,Antonicra,event_handle_needs_profile_check,,,minecraft_profile_lookup,https://mc-api.io/profile/Antonicra/java,HISPANIC_CREATORS,5,casual_creator_or_insufficient_competitive_evidence,medium_low,https://www.3djuegos.com/streamers/noticias/todos-participantes-fecha-squid-craft-games-4-competicion-rubius-auronplay-komanche-se-despide-a-grande,Squid Craft Games 4 roster,https://www.3djuegos.com/streamers/noticias/todos-participantes-fecha-squid-craft-games-4-competicion-rubius-auronplay-komanche-se-despide-a-grande,True,Antonicra,True,medium,True,4,strict_competitive_v3,casual_creator_or_unverified_competitive_skill,Creator/event participation alone is not treated as competitive skill evidence.,
arigameplays,AriGameplays,AriGameplays,event_handle_needs_profile_check,,,minecraft_profile_lookup,https://mc-api.io/profile/AriGameplays/java,HISPANIC_CREATORS,5,casual_creator_or_insufficient_competitive_evidence,medium_low,https://es.wikipedia.org/wiki/Squid_Craft_Games_2,Squid Craft Games 2 roster,https://es.wikipedia.org/wiki/Squid_Craft_Games_2,True,AriGameplays,True,medium,True,3,strict_competitive_v3,casual_creator_or_unverified_competitive_skill,Creator/event participant; no independent competitive Minecraft evidence used. T5.,
aroyitt,Aroyitt,Aroyitt,event_handle_needs_profile_check,,,minecraft_profile_lookup,https://mc-api.io/profile/Aroyitt/java,HISPANIC_CREATORS,5,casual_creator_or_insufficient_competitive_evidence,medium_low,https://es.wikipedia.org/wiki/Squid_Craft_Games_2,Squid Craft Games 2 roster,https://es.wikipedia.org/wiki/Squid_Craft_Games_2,True,Aroyitt,True,medium,True,4,strict_competitive_v3,casual_creator_or_unverified_competitive_skill,Creator/event participation alone is not treated as competitive skill evidence.,
auronplay,AuronPlay,AuronPlay,event_handle_needs_profile_check,,,minecraft_profile_lookup,https://mc-api.io/profile/AuronPlay/java,HISPANIC_CREATORS,5,casual_creator_or_insufficient_competitive_evidence,medium_low,https://es.wikipedia.org/wiki/Squid_Craft_Games_2,Squid Craft Games 2 roster,https://es.wikipedia.org/wiki/Squid_Craft_Games_2,True,AuronPlay,True,medium,True,4,strict_competitive_v3,casual_creator_or_unverified_competitive_skill,Creator/event participation alone is not treated as competitive skill evidence.,
axozer,aXoZer,aXoZer,event_handle_needs_profile_check,,,minecraft_profile_lookup,https://mc-api.io/profile/aXoZer/java,HISPANIC_CREATORS,5,casual_creator_or_insufficient_competitive_evidence,medium_low,https://es.wikipedia.org/wiki/Squid_Craft_Games_2,Squid Craft Games 2 roster,https://es.wikipedia.org/wiki/Squid_Craft_Games_2,True,aXoZer,True,medium,True,4,strict_competitive_v3,casual_creator_or_unverified_competitive_skill,Creator/event participation alone is not treated as competitive skill evidence.,
barbeq,BarbeQ,BarbeQ,event_handle_needs_profile_check,,,minecraft_profile_lookup,https://mc-api.io/profile/BarbeQ/java,HISPANIC_CREATORS,5,casual_creator_or_insufficient_competitive_evidence,medium_low,https://www.3djuegos.com/streamers/noticias/todos-participantes-fecha-squid-craft-games-4-competicion-rubius-auronplay-komanche-se-despide-a-grande,Squid Craft Games 4 roster,https://www.3djuegos.com/streamers/noticias/todos-participantes-fecha-squid-craft-games-4-competicion-rubius-auronplay-komanche-se-despide-a-grande,True,BarbeQ,True,medium,True,4,strict_competitive_v3,casual_creator_or_unverified_competitive_skill,Creator/event participation alone is not treated as competitive skill evidence.,
bersgamer,BersGamer,BersGamer,event_handle_needs_profile_check,,,minecraft_profile_lookup,https://mc-api.io/profile/BersGamer/java,HISPANIC_CREATORS,5,casual_creator_or_insufficient_competitive_evidence,medium_low,https://es.wikipedia.org/wiki/Squid_Craft_Games_2,Squid Craft Games 2 roster,https://es.wikipedia.org/wiki/Squid_Craft_Games_2,True,BersGamer,True,medium,True,4,strict_competitive_v3,casual_creator_or_unverified_competitive_skill,Creator/event participation alone is not treated as competitive skill evidence.,
betra,Betra,Betra,event_handle_needs_profile_check,,,minecraft_profile_lookup,https://mc-api.io/profile/Betra/java,HISPANIC_CREATORS,5,casual_creator_or_insufficient_competitive_evidence,medium_low,https://es.wikipedia.org/wiki/Squid_Craft_Games_2,Squid Craft Games 2 roster,https://es.wikipedia.org/wiki/Squid_Craft_Games_2,True,Betra,True,medium,True,4,strict_competitive_v3,casual_creator_or_unverified_competitive_skill,Creator/event participation alone is not treated as competitive skill evidence.,
biyin,Biyin,Biyin,event_handle_needs_profile_check,,,minecraft_profile_lookup,https://mc-api.io/profile/Biyin/java,HISPANIC_CREATORS,5,casual_creator_or_insufficient_competitive_evidence,medium_low,https://es.wikipedia.org/wiki/Squid_Craft_Games_2,Squid Craft Games 2 roster,https://es.wikipedia.org/wiki/Squid_Craft_Games_2,True,Biyin,True,medium,True,4,strict_competitive_v3,casual_creator_or_unverified_competitive_skill,Creator/event participation alone is not treated as competitive skill evidence.,
boffegp,BoffeGP,BoffeGP,event_handle_needs_profile_check,,,minecraft_profile_lookup,https://mc-api.io/profile/BoffeGP/java,HISPANIC_CREATORS,5,casual_creator_or_insufficient_competitive_evidence,medium_low,https://es.wikipedia.org/wiki/Squid_Craft_Games_2,Squid Craft Games 2 roster,https://es.wikipedia.org/wiki/Squid_Craft_Games_2,True,BoffeGP,True,medium,True,4,strict_competitive_v3,casual_creator_or_unverified_competitive_skill,Creator/event participation alone is not treated as competitive skill evidence.,
borjapavon,BorjaPavón,,unresolved_invalid_java_name_syntax,,,minecraft_profile_lookup,,HISPANIC_CREATORS,5,casual_creator_or_insufficient_competitive_evidence,medium_low,https://es.wikipedia.org/wiki/Squid_Craft_Games_2,Squid Craft Games 2 roster,https://es.wikipedia.org/wiki/Squid_Craft_Games_2,True,BorjaPavón,False,low,True,4,strict_competitive_v3,casual_creator_or_unverified_competitive_skill,Creator/event participation alone is not treated as competitive skill evidence.,
brianeitor2002,Brianeitor2002,Brianeitor2002,event_handle_needs_profile_check,,,minecraft_profile_lookup,https://mc-api.io/profile/Brianeitor2002/java,HISPANIC_CREATORS,5,casual_creator_or_insufficient_competitive_evidence,medium_low,https://es.wikipedia.org/wiki/Squid_Craft_Games_2,Squid Craft Games 2 roster,https://es.wikipedia.org/wiki/Squid_Craft_Games_2,True,Brianeitor2002,True,medium,True,4,strict_competitive_v3,casual_creator_or_unverified_competitive_skill,Creator/event participation alone is not treated as competitive skill evidence.,
brunenger,Brunenger,Brunenger,event_handle_needs_profile_check,,,minecraft_profile_lookup,https://mc-api.io/profile/Brunenger/java,HISPANIC_CREATORS,5,casual_creator_or_insufficient_competitive_evidence,medium_low,https://es.wikipedia.org/wiki/Squid_Craft_Games_2,Squid Craft Games 2 roster,https://es.wikipedia.org/wiki/Squid_Craft_Games_2,True,Brunenger,True,medium,True,4,strict_competitive_v3,casual_creator_or_unverified_competitive_skill,Creator/event participation alone is not treated as competitive skill evidence.,
bsweetyb,bSweetyb,bSweetyb,event_handle_needs_profile_check,,,minecraft_profile_lookup,https://mc-api.io/profile/bSweetyb/java,HISPANIC_CREATORS,5,casual_creator_or_insufficient_competitive_evidence,medium_low,https://es.wikipedia.org/wiki/Squid_Craft_Games_2,Squid Craft Games 2 roster,https://es.wikipedia.org/wiki/Squid_Craft_Games_2,True,bSweetyb,True,medium,True,4,strict_competitive_v3,casual_creator_or_unverified_competitive_skill,Creator/event participation alone is not treated as competitive skill evidence.,
budcat,Budcat,Budcat,event_handle_needs_profile_check,,,minecraft_profile_lookup,https://mc-api.io/profile/Budcat/java,HISPANIC_CREATORS,5,casual_creator_or_insufficient_competitive_evidence,medium_low,https://es.wikipedia.org/wiki/Squid_Craft_Games_2,Squid Craft Games 2 roster,https://es.wikipedia.org/wiki/Squid_Craft_Games_2,True,Budcat,True,medium,True,4,strict_competitive_v3,casual_creator_or_unverified_competitive_skill,Creator/event participation alone is not treated as competitive skill evidence.,
budget,Budget,Budget,event_handle_needs_profile_check,,,minecraft_profile_lookup,https://mc-api.io/profile/Budget/java,HISPANIC_CREATORS,5,casual_creator_or_insufficient_competitive_evidence,medium_low,https://www.3djuegos.com/streamers/noticias/todos-participantes-fecha-squid-craft-games-4-competicion-rubius-auronplay-komanche-se-despide-a-grande,Squid Craft Games 4 roster,https://www.3djuegos.com/streamers/noticias/todos-participantes-fecha-squid-craft-games-4-competicion-rubius-auronplay-komanche-se-despide-a-grande,True,Budget,True,medium,True,4,strict_competitive_v3,casual_creator_or_unverified_competitive_skill,Creator/event participation alone is not treated as competitive skill evidence.,
byrubii9,ByRubii9,ByRubii9,event_handle_needs_profile_check,,,minecraft_profile_lookup,https://mc-api.io/profile/ByRubii9/java,HISPANIC_CREATORS,5,casual_creator_or_insufficient_competitive_evidence,medium_low,https://movistaresports.com/streamers-participaran-minecraft-extremo-3/,Minecraft Extremo 3 roster,https://movistaresports.com/streamers-participaran-minecraft-extremo-3/,True,ByRubii9,True,medium,True,4,strict_competitive_v3,casual_creator_or_unverified_competitive_skill,Creator/event participation alone is not treated as competitive skill evidence.,
caprimint,Caprimint,Caprimint,event_handle_needs_profile_check,,,minecraft_profile_lookup,https://mc-api.io/profile/Caprimint/java,HISPANIC_CREATORS,5,casual_creator_or_insufficient_competitive_evidence,medium_low,https://es.wikipedia.org/wiki/Squid_Craft_Games_2,Squid Craft Games 2 roster,https://es.wikipedia.org/wiki/Squid_Craft_Games_2,True,Caprimint,True,medium,True,4,strict_competitive_v3,casual_creator_or_unverified_competitive_skill,Creator/event participation alone is not treated as competitive skill evidence.,
carola,Carola,Carola,event_handle_needs_profile_check,,,minecraft_profile_lookup,https://mc-api.io/profile/Carola/java,HISPANIC_CREATORS,5,casual_creator_or_insufficient_competitive_evidence,medium_low,https://www.youtube.com/playlist?list=PLM56fbQ-S7mcYBOPwec-Ftaj9PmgDOw05,Squid Craft Games 2 roster,https://es.wikipedia.org/wiki/Squid_Craft_Games_2,True,Carola,True,medium,True,4,strict_competitive_v3,casual_creator_or_unverified_competitive_skill,Creator/event participant; no independent competitive Minecraft evidence used. T5.,
carre,Carre,Carre,event_handle_needs_profile_check,,,minecraft_profile_lookup,https://mc-api.io/profile/Carre/java,HISPANIC_CREATORS,5,casual_creator_or_insufficient_competitive_evidence,medium_low,https://areajugones.sport.es/videojuegos/squid-craft-games-3-fecha-de-estreno-participantes-y-todas-las-novedades-del-evento/,Squid Craft Games 3 roster,https://areajugones.sport.es/videojuegos/squid-craft-games-3-fecha-de-estreno-participantes-y-todas-las-novedades-del-evento/,True,Carre,True,medium,True,4,strict_competitive_v3,casual_creator_or_unverified_competitive_skill,Creator/event participation alone is not treated as competitive skill evidence.,
carreraaa,Carreraaa,Carreraaa,event_handle_needs_profile_check,,,minecraft_profile_lookup,https://mc-api.io/profile/Carreraaa/java,HISPANIC_CREATORS,5,casual_creator_or_insufficient_competitive_evidence,medium_low,https://es.wikipedia.org/wiki/Squid_Craft_Games_2,Squid Craft Games 2 roster,https://es.wikipedia.org/wiki/Squid_Craft_Games_2,True,Carreraaa,True,medium,True,4,strict_competitive_v3,casual_creator_or_unverified_competitive_skill,Creator/event participation alone is not treated as competitive skill evidence.,
chainatv,ChainaTV,ChainaTV,event_handle_needs_profile_check,,,minecraft_profile_lookup,https://mc-api.io/profile/ChainaTV/java,HISPANIC_CREATORS,5,casual_creator_or_insufficient_competitive_evidence,medium_low,https://areajugones.sport.es/videojuegos/squid-craft-games-3-fecha-de-estreno-participantes-y-todas-las-novedades-del-evento/,Squid Craft Games 3 roster,https://areajugones.sport.es/videojuegos/squid-craft-games-3-fecha-de-estreno-participantes-y-todas-las-novedades-del-evento/,True,ChainaTV,True,medium,True,4,strict_competitive_v3,casual_creator_or_unverified_competitive_skill,Creator/event participation alone is not treated as competitive skill evidence.,
champi14,champi14,champi14,event_handle_needs_profile_check,,,minecraft_profile_lookup,https://mc-api.io/profile/champi14/java,HISPANIC_CREATORS,5,casual_creator_or_insufficient_competitive_evidence,medium_low,https://es.wikipedia.org/wiki/Squid_Craft_Games_2,Squid Craft Games 2 roster,https://es.wikipedia.org/wiki/Squid_Craft_Games_2,True,champi14,True,medium,True,4,strict_competitive_v3,casual_creator_or_unverified_competitive_skill,Creator/event participation alone is not treated as competitive skill evidence.,
charlitoss,Charlitoss,Charlitoss,event_handle_needs_profile_check,,,minecraft_profile_lookup,https://mc-api.io/profile/Charlitoss/java,HISPANIC_CREATORS,5,casual_creator_or_insufficient_competitive_evidence,medium_low,https://areajugones.sport.es/videojuegos/squid-craft-games-3-fecha-de-estreno-participantes-y-todas-las-novedades-del-evento/,Squid Craft Games 3 roster,https://areajugones.sport.es/videojuegos/squid-craft-games-3-fecha-de-estreno-participantes-y-todas-las-novedades-del-evento/,True,Charlitoss,True,medium,True,4,strict_competitive_v3,casual_creator_or_unverified_competitive_skill,Creator/event participation alone is not treated as competitive skill evidence.,
cheren_kekoo,Cheren Kekoo,CherenKekoo,event_handle_needs_profile_check,,,minecraft_profile_lookup,https://mc-api.io/profile/CherenKekoo/java,HISPANIC_CREATORS,5,casual_creator_or_insufficient_competitive_evidence,medium_low,https://www.3djuegos.com/streamers/noticias/todos-participantes-fecha-squid-craft-games-4-competicion-rubius-auronplay-komanche-se-despide-a-grande,Squid Craft Games 4 roster,https://www.3djuegos.com/streamers/noticias/todos-participantes-fecha-squid-craft-games-4-competicion-rubius-auronplay-komanche-se-despide-a-grande,True,CherenKekoo,True,medium,True,4,strict_competitive_v3,casual_creator_or_unverified_competitive_skill,Creator/event participation alone is not treated as competitive skill evidence.,
chincheto77,Chincheto77,Chincheto77,known_creator_handle_needs_profile_check,,,minecraft_profile_lookup,https://mc-api.io/profile/Chincheto77/java,HISPANIC_CREATORS,5,casual_creator_or_insufficient_competitive_evidence,medium_low,https://es.wikipedia.org/wiki/Karmaland,Historical Hispanic Minecraft creator curation,https://es.wikipedia.org/wiki/Karmaland,True,Chincheto77,True,medium_low,True,4,strict_competitive_v3,casual_creator_or_unverified_competitive_skill,Creator/event participation alone is not treated as competitive skill evidence.,
colombo,Colombo,Colombo,event_handle_needs_profile_check,,,minecraft_profile_lookup,https://mc-api.io/profile/Colombo/java,HISPANIC_CREATORS,5,casual_creator_or_insufficient_competitive_evidence,medium_low,https://www.3djuegos.com/streamers/noticias/todos-participantes-fecha-squid-craft-games-4-competicion-rubius-auronplay-komanche-se-despide-a-grande,Squid Craft Games 4 roster,https://www.3djuegos.com/streamers/noticias/todos-participantes-fecha-squid-craft-games-4-competicion-rubius-auronplay-komanche-se-despide-a-grande,True,Colombo,True,medium,True,4,strict_competitive_v3,casual_creator_or_unverified_competitive_skill,Creator/event participation alone is not treated as competitive skill evidence.,
coscu,Coscu,Coscu,known_creator_handle_needs_profile_check,,,minecraft_profile_lookup,https://mc-api.io/profile/Coscu/java,HISPANIC_CREATORS,5,casual_creator_or_insufficient_competitive_evidence,medium_low,https://es.wikipedia.org/wiki/Karmaland,Historical Hispanic Minecraft creator curation,https://es.wikipedia.org/wiki/Karmaland,True,Coscu,True,medium_low,True,4,strict_competitive_v3,casual_creator_or_unverified_competitive_skill,Creator/event participation alone is not treated as competitive skill evidence.,
cristinini,Cristinini,Cristinini,event_handle_needs_profile_check,,,minecraft_profile_lookup,https://mc-api.io/profile/Cristinini/java,HISPANIC_CREATORS,5,casual_creator_or_insufficient_competitive_evidence,medium_low,https://es.wikipedia.org/wiki/Squid_Craft_Games_2,Squid Craft Games 2 roster,https://es.wikipedia.org/wiki/Squid_Craft_Games_2,True,Cristinini,True,medium,True,4,strict_competitive_v3,casual_creator_or_unverified_competitive_skill,Creator/event participation alone is not treated as competitive skill evidence.,
crystalmolly,CrystalMolly,CrystalMolly,event_handle_needs_profile_check,,,minecraft_profile_lookup,https://mc-api.io/profile/CrystalMolly/java,HISPANIC_CREATORS,5,casual_creator_or_insufficient_competitive_evidence,medium_low,https://areajugones.sport.es/videojuegos/squid-craft-games-3-fecha-de-estreno-participantes-y-todas-las-novedades-del-evento/,Squid Craft Games 3 roster,https://areajugones.sport.es/videojuegos/squid-craft-games-3-fecha-de-estreno-participantes-y-todas-las-novedades-del-evento/,True,CrystalMolly,True,medium,True,4,strict_competitive_v3,casual_creator_or_unverified_competitive_skill,Creator/event participation alone is not treated as competitive skill evidence.,
d3stri,D3stri,D3stri,event_handle_needs_profile_check,,,minecraft_profile_lookup,https://mc-api.io/profile/D3stri/java,HISPANIC_CREATORS,5,casual_creator_or_insufficient_competitive_evidence,medium_low,https://es.wikipedia.org/wiki/Squid_Craft_Games_2,Squid Craft Games 2 roster,https://es.wikipedia.org/wiki/Squid_Craft_Games_2,True,D3stri,True,medium,True,4,strict_competitive_v3,casual_creator_or_unverified_competitive_skill,Creator/event participation alone is not treated as competitive skill evidence.,
daniel_zoom,Daniel Zoom,DanielZoom,event_handle_needs_profile_check,,,minecraft_profile_lookup,https://mc-api.io/profile/DanielZoom/java,HISPANIC_CREATORS,5,casual_creator_or_insufficient_competitive_evidence,medium_low,https://www.3djuegos.com/streamers/noticias/todos-participantes-fecha-squid-craft-games-4-competicion-rubius-auronplay-komanche-se-despide-a-grande,Squid Craft Games 4 roster,https://www.3djuegos.com/streamers/noticias/todos-participantes-fecha-squid-craft-games-4-competicion-rubius-auronplay-komanche-se-despide-a-grande,True,DanielZoom,True,medium,True,4,strict_competitive_v3,casual_creator_or_unverified_competitive_skill,Creator/event participation alone is not treated as competitive skill evidence.,
danielxbox300,Danielxbox300,Danielxbox300,event_handle_needs_profile_check,,,minecraft_profile_lookup,https://mc-api.io/profile/Danielxbox300/java,HISPANIC_CREATORS,5,casual_creator_or_insufficient_competitive_evidence,medium_low,https://es.wikipedia.org/wiki/Squid_Craft_Games_2,Squid Craft Games 2 roster,https://es.wikipedia.org/wiki/Squid_Craft_Games_2,True,Danielxbox300,True,medium,True,4,strict_competitive_v3,casual_creator_or_unverified_competitive_skill,Creator/event participation alone is not treated as competitive skill evidence.,
danirep,DaniRep,DaniRep,known_creator_handle_needs_profile_check,,,minecraft_profile_lookup,https://mc-api.io/profile/DaniRep/java,HISPANIC_CREATORS,5,casual_creator_or_insufficient_competitive_evidence,medium_low,https://es.wikipedia.org/wiki/Karmaland,Historical Hispanic Minecraft creator curation,https://es.wikipedia.org/wiki/Karmaland,True,DaniRep,True,medium_low,True,4,strict_competitive_v3,casual_creator_or_unverified_competitive_skill,Creator/event participation alone is not treated as competitive skill evidence.,
davooxeneize,DavooXeneize,DavooXeneize,known_creator_handle_needs_profile_check,,,minecraft_profile_lookup,https://mc-api.io/profile/DavooXeneize/java,HISPANIC_CREATORS,5,casual_creator_or_insufficient_competitive_evidence,medium_low,https://es.wikipedia.org/wiki/Karmaland,Historical Hispanic Minecraft creator curation,https://es.wikipedia.org/wiki/Karmaland,True,DavooXeneize,True,medium_low,True,4,strict_competitive_v3,casual_creator_or_unverified_competitive_skill,Creator/event participation alone is not treated as competitive skill evidence.,
deargia,Deargia,Deargia,event_handle_needs_profile_check,,,minecraft_profile_lookup,https://mc-api.io/profile/Deargia/java,HISPANIC_CREATORS,5,casual_creator_or_insufficient_competitive_evidence,medium_low,https://es.wikipedia.org/wiki/Squid_Craft_Games_2,Squid Craft Games 2 roster,https://es.wikipedia.org/wiki/Squid_Craft_Games_2,True,Deargia,True,medium,True,4,strict_competitive_v3,casual_creator_or_unverified_competitive_skill,Creator/event participation alone is not treated as competitive skill evidence.,
ded,DED,DED,event_handle_needs_profile_check,,,minecraft_profile_lookup,https://mc-api.io/profile/DED/java,HISPANIC_CREATORS,5,casual_creator_or_insufficient_competitive_evidence,medium_low,https://www.3djuegos.com/streamers/noticias/todos-participantes-fecha-squid-craft-games-4-competicion-rubius-auronplay-komanche-se-despide-a-grande,Squid Craft Games 4 roster,https://www.3djuegos.com/streamers/noticias/todos-participantes-fecha-squid-craft-games-4-competicion-rubius-auronplay-komanche-se-despide-a-grande,True,DED,True,medium,True,4,strict_competitive_v3,casual_creator_or_unverified_competitive_skill,Creator/event participation alone is not treated as competitive skill evidence.,
delt4forc3,Delt4Forc3,Delt4Forc3,event_handle_needs_profile_check,,,minecraft_profile_lookup,https://mc-api.io/profile/Delt4Forc3/java,HISPANIC_CREATORS,5,casual_creator_or_insufficient_competitive_evidence,medium_low,https://es.wikipedia.org/wiki/Squid_Craft_Games_2,Squid Craft Games 2 roster,https://es.wikipedia.org/wiki/Squid_Craft_Games_2,True,Delt4Forc3,True,medium,True,4,strict_competitive_v3,casual_creator_or_unverified_competitive_skill,Creator/event participation alone is not treated as competitive skill evidence.,
delta,Delta,Delta,event_handle_needs_profile_check,,,minecraft_profile_lookup,https://mc-api.io/profile/Delta/java,HISPANIC_CREATORS,5,casual_creator_or_insufficient_competitive_evidence,medium_low,https://www.3djuegos.com/streamers/noticias/todos-participantes-fecha-squid-craft-games-4-competicion-rubius-auronplay-komanche-se-despide-a-grande,Squid Craft Games 4 roster,https://www.3djuegos.com/streamers/noticias/todos-participantes-fecha-squid-craft-games-4-competicion-rubius-auronplay-komanche-se-despide-a-grande,True,Delta,True,medium,True,4,strict_competitive_v3,casual_creator_or_unverified_competitive_skill,Creator/event participation alone is not treated as competitive skill evidence.,
denniscyan,Denniscyan,Denniscyan,event_handle_needs_profile_check,,,minecraft_profile_lookup,https://mc-api.io/profile/Denniscyan/java,HISPANIC_CREATORS,5,casual_creator_or_insufficient_competitive_evidence,medium_low,https://areajugones.sport.es/videojuegos/squid-craft-games-3-fecha-de-estreno-participantes-y-todas-las-novedades-del-evento/,Squid Craft Games 3 roster,https://areajugones.sport.es/videojuegos/squid-craft-games-3-fecha-de-estreno-participantes-y-todas-las-novedades-del-evento/,True,Denniscyan,True,medium,True,4,strict_competitive_v3,casual_creator_or_unverified_competitive_skill,Creator/event participation alone is not treated as competitive skill evidence.,
deqiuv,DeqiuV,DeqiuV,event_handle_needs_profile_check,,,minecraft_profile_lookup,https://mc-api.io/profile/DeqiuV/java,HISPANIC_CREATORS,5,casual_creator_or_insufficient_competitive_evidence,medium_low,https://es.wikipedia.org/wiki/Squid_Craft_Games_2,Squid Craft Games 2 roster,https://es.wikipedia.org/wiki/Squid_Craft_Games_2,True,DeqiuV,True,medium,True,4,strict_competitive_v3,casual_creator_or_unverified_competitive_skill,Creator/event participation alone is not treated as competitive skill evidence.,
desst3,Desst3,Desst3,event_handle_needs_profile_check,,,minecraft_profile_lookup,https://mc-api.io/profile/Desst3/java,HISPANIC_CREATORS,5,casual_creator_or_insufficient_competitive_evidence,medium_low,https://es.wikipedia.org/wiki/Squid_Craft_Games_2,Squid Craft Games 2 roster,https://es.wikipedia.org/wiki/Squid_Craft_Games_2,True,Desst3,True,medium,True,4,strict_competitive_v3,casual_creator_or_unverified_competitive_skill,Creator/event participation alone is not treated as competitive skill evidence.,
didiwinxx,Didiwinxx,Didiwinxx,event_handle_needs_profile_check,,,minecraft_profile_lookup,https://mc-api.io/profile/Didiwinxx/java,HISPANIC_CREATORS,5,casual_creator_or_insufficient_competitive_evidence,medium_low,https://www.3djuegos.com/streamers/noticias/todos-participantes-fecha-squid-craft-games-4-competicion-rubius-auronplay-komanche-se-despide-a-grande,Squid Craft Games 4 roster,https://www.3djuegos.com/streamers/noticias/todos-participantes-fecha-squid-craft-games-4-competicion-rubius-auronplay-komanche-se-despide-a-grande,True,Didiwinxx,True,medium,True,4,strict_competitive_v3,casual_creator_or_unverified_competitive_skill,Creator/event participation alone is not treated as competitive skill evidence.,
djmariio,DJMaRiiO,DJMaRiiO,event_handle_needs_profile_check,,,minecraft_profile_lookup,https://mc-api.io/profile/DJMaRiiO/java,HISPANIC_CREATORS,5,casual_creator_or_insufficient_competitive_evidence,medium_low,https://www.3djuegos.com/streamers/noticias/todos-participantes-fecha-squid-craft-games-4-competicion-rubius-auronplay-komanche-se-despide-a-grande,Squid Craft Games 4 roster,https://www.3djuegos.com/streamers/noticias/todos-participantes-fecha-squid-craft-games-4-competicion-rubius-auronplay-komanche-se-despide-a-grande,True,DJMaRiiO,True,medium,True,5,strict_competitive_v3,casual_creator_or_unverified_competitive_skill,Creator/event participation alone is not treated as competitive skill evidence.,
donjulio,DonJulio,DonJulio,event_handle_needs_profile_check,,,minecraft_profile_lookup,https://mc-api.io/profile/DonJulio/java,HISPANIC_CREATORS,5,casual_creator_or_insufficient_competitive_evidence,medium_low,https://movistaresports.com/streamers-participaran-minecraft-extremo-3/,Minecraft Extremo 3 roster,https://movistaresports.com/streamers-participaran-minecraft-extremo-3/,True,DonJulio,True,medium,True,4,strict_competitive_v3,casual_creator_or_unverified_competitive_skill,Creator/event participation alone is not treated as competitive skill evidence.,
duxorethey,DUXORETHEY,DUXORETHEY,event_handle_needs_profile_check,,,minecraft_profile_lookup,https://mc-api.io/profile/DUXORETHEY/java,HISPANIC_CREATORS,5,casual_creator_or_insufficient_competitive_evidence,medium_low,https://es.wikipedia.org/wiki/Squid_Craft_Games_2,Squid Craft Games 2 roster,https://es.wikipedia.org/wiki/Squid_Craft_Games_2,True,DUXORETHEY,True,medium,True,4,strict_competitive_v3,casual_creator_or_unverified_competitive_skill,Creator/event participation alone is not treated as competitive skill evidence.,
e_mastersensei,E-Master Sensei,E_MasterSensei,event_handle_needs_profile_check,,,minecraft_profile_lookup,https://mc-api.io/profile/E_MasterSensei/java,HISPANIC_CREATORS,5,casual_creator_or_insufficient_competitive_evidence,medium_low,https://es.wikipedia.org/wiki/Squid_Craft_Games_2,Squid Craft Games 2 roster,https://es.wikipedia.org/wiki/Squid_Craft_Games_2,True,E_MasterSensei,True,medium,True,4,strict_competitive_v3,casual_creator_or_unverified_competitive_skill,Creator/event participation alone is not treated as competitive skill evidence.,
edurnity,Edurnity,Edurnity,event_handle_needs_profile_check,,,minecraft_profile_lookup,https://mc-api.io/profile/Edurnity/java,HISPANIC_CREATORS,5,casual_creator_or_insufficient_competitive_evidence,medium_low,https://es.wikipedia.org/wiki/Squid_Craft_Games_2,Squid Craft Games 2 roster,https://es.wikipedia.org/wiki/Squid_Craft_Games_2,True,Edurnity,True,medium,True,4,strict_competitive_v3,casual_creator_or_unverified_competitive_skill,Creator/event participation alone is not treated as competitive skill evidence.,
ejzar,Ejzar,Ejzar,event_handle_needs_profile_check,,,minecraft_profile_lookup,https://mc-api.io/profile/Ejzar/java,HISPANIC_CREATORS,5,casual_creator_or_insufficient_competitive_evidence,medium_low,https://movistaresports.com/streamers-participaran-minecraft-extremo-3/,Minecraft Extremo 3 roster,https://movistaresports.com/streamers-participaran-minecraft-extremo-3/,True,Ejzar,True,medium,True,4,strict_competitive_v3,casual_creator_or_unverified_competitive_skill,Creator/event participation alone is not treated as competitive skill evidence.,
el_abrahaham,El Abrahaham,ElAbrahaham,event_handle_needs_profile_check,,,minecraft_profile_lookup,https://mc-api.io/profile/ElAbrahaham/java,HISPANIC_CREATORS,5,casual_creator_or_insufficient_competitive_evidence,medium_low,https://www.3djuegos.com/streamers/noticias/todos-participantes-fecha-squid-craft-games-4-competicion-rubius-auronplay-komanche-se-despide-a-grande,Squid Craft Games 4 roster,https://www.3djuegos.com/streamers/noticias/todos-participantes-fecha-squid-craft-games-4-competicion-rubius-auronplay-komanche-se-despide-a-grande,True,ElAbrahaham,True,medium,True,4,strict_competitive_v3,casual_creator_or_unverified_competitive_skill,Creator/event participation alone is not treated as competitive skill evidence.,
el_ojoninja,El Ojoninja,ElOjoninja,event_handle_needs_profile_check,,,minecraft_profile_lookup,https://mc-api.io/profile/ElOjoninja/java,HISPANIC_CREATORS,5,casual_creator_or_insufficient_competitive_evidence,medium_low,https://www.3djuegos.com/streamers/noticias/todos-participantes-fecha-squid-craft-games-4-competicion-rubius-auronplay-komanche-se-despide-a-grande,Squid Craft Games 4 roster,https://www.3djuegos.com/streamers/noticias/todos-participantes-fecha-squid-craft-games-4-competicion-rubius-auronplay-komanche-se-despide-a-grande,True,ElOjoninja,True,medium,True,4,strict_competitive_v3,casual_creator_or_unverified_competitive_skill,Creator/event participation alone is not treated as competitive skill evidence.,
el_perita,El Perita,ElPerita,event_handle_needs_profile_check,,,minecraft_profile_lookup,https://mc-api.io/profile/ElPerita/java,HISPANIC_CREATORS,5,casual_creator_or_insufficient_competitive_evidence,medium_low,https://www.3djuegos.com/streamers/noticias/todos-participantes-fecha-squid-craft-games-4-competicion-rubius-auronplay-komanche-se-despide-a-grande,Squid Craft Games 4 roster,https://www.3djuegos.com/streamers/noticias/todos-participantes-fecha-squid-craft-games-4-competicion-rubius-auronplay-komanche-se-despide-a-grande,True,ElPerita,True,medium,True,4,strict_competitive_v3,casual_creator_or_unverified_competitive_skill,Creator/event participation alone is not treated as competitive skill evidence.,
elbudget,Elbudget,Elbudget,event_handle_needs_profile_check,,,minecraft_profile_lookup,https://mc-api.io/profile/Elbudget/java,HISPANIC_CREATORS,5,casual_creator_or_insufficient_competitive_evidence,medium_low,https://areajugones.sport.es/videojuegos/squid-craft-games-3-fecha-de-estreno-participantes-y-todas-las-novedades-del-evento/,Squid Craft Games 3 roster,https://areajugones.sport.es/videojuegos/squid-craft-games-3-fecha-de-estreno-participantes-y-todas-las-novedades-del-evento/,True,Elbudget,True,medium,True,4,strict_competitive_v3,casual_creator_or_unverified_competitive_skill,Creator/event participation alone is not treated as competitive skill evidence.,
elchurches,ElChurches,ElChurches,event_handle_needs_profile_check,,,minecraft_profile_lookup,https://mc-api.io/profile/ElChurches/java,HISPANIC_CREATORS,5,casual_creator_or_insufficient_competitive_evidence,medium_low,https://es.wikipedia.org/wiki/Squid_Craft_Games_2,Squid Craft Games 2 roster,https://es.wikipedia.org/wiki/Squid_Craft_Games_2,True,ElChurches,True,medium,True,4,strict_competitive_v3,casual_creator_or_unverified_competitive_skill,Creator/event participation alone is not treated as competitive skill evidence.,
elded,elded,elded,event_handle_needs_profile_check,,,minecraft_profile_lookup,https://mc-api.io/profile/elded/java,HISPANIC_CREATORS,5,casual_creator_or_insufficient_competitive_evidence,medium_low,https://es.wikipedia.org/wiki/Squid_Craft_Games_2,Squid Craft Games 2 roster,https://es.wikipedia.org/wiki/Squid_Craft_Games_2,True,elded,True,medium,True,4,strict_competitive_v3,casual_creator_or_unverified_competitive_skill,Creator/event participation alone is not treated as competitive skill evidence.,
elemao,Elemao,Elemao,event_handle_needs_profile_check,,,minecraft_profile_lookup,https://mc-api.io/profile/Elemao/java,HISPANIC_CREATORS,5,casual_creator_or_insufficient_competitive_evidence,medium_low,https://www.3djuegos.com/streamers/noticias/todos-participantes-fecha-squid-craft-games-4-competicion-rubius-auronplay-komanche-se-despide-a-grande,Squid Craft Games 4 roster,https://www.3djuegos.com/streamers/noticias/todos-participantes-fecha-squid-craft-games-4-competicion-rubius-auronplay-komanche-se-despide-a-grande,True,Elemao,True,medium,True,4,strict_competitive_v3,casual_creator_or_unverified_competitive_skill,Creator/event participation alone is not treated as competitive skill evidence.,
elfedelobo,ElFedelobo,ElFedelobo,event_handle_needs_profile_check,,,minecraft_profile_lookup,https://mc-api.io/profile/ElFedelobo/java,HISPANIC_CREATORS,5,casual_creator_or_insufficient_competitive_evidence,medium_low,https://es.wikipedia.org/wiki/Squid_Craft_Games_2,Squid Craft Games 2 roster,https://es.wikipedia.org/wiki/Squid_Craft_Games_2,True,ElFedelobo,True,medium,True,4,strict_competitive_v3,casual_creator_or_unverified_competitive_skill,Creator/event participation alone is not treated as competitive skill evidence.,
elgonzok,Elgonzok,Elgonzok,event_handle_needs_profile_check,,,minecraft_profile_lookup,https://mc-api.io/profile/Elgonzok/java,HISPANIC_CREATORS,5,casual_creator_or_insufficient_competitive_evidence,medium_low,https://www.3djuegos.com/streamers/noticias/todos-participantes-fecha-squid-craft-games-4-competicion-rubius-auronplay-komanche-se-despide-a-grande,Squid Craft Games 4 roster,https://www.3djuegos.com/streamers/noticias/todos-participantes-fecha-squid-craft-games-4-competicion-rubius-auronplay-komanche-se-despide-a-grande,True,Elgonzok,True,medium,True,4,strict_competitive_v3,casual_creator_or_unverified_competitive_skill,Creator/event participation alone is not treated as competitive skill evidence.,
elmariana,ElMariana,ElMariana,event_handle_needs_profile_check,,,minecraft_profile_lookup,https://mc-api.io/profile/ElMariana/java,HISPANIC_CREATORS,5,casual_creator_or_insufficient_competitive_evidence,medium_low,https://es.wikipedia.org/wiki/Squid_Craft_Games_2,Squid Craft Games 2 roster,https://es.wikipedia.org/wiki/Squid_Craft_Games_2,True,ElMariana,True,medium,True,3,strict_competitive_v3,casual_creator_or_unverified_competitive_skill,Creator/event participation alone is not treated as competitive skill evidence.,
elvenado98,ElVenado98,ElVenado98,event_handle_needs_profile_check,,,minecraft_profile_lookup,https://mc-api.io/profile/ElVenado98/java,HISPANIC_CREATORS,5,casual_creator_or_insufficient_competitive_evidence,medium_low,https://areajugones.sport.es/videojuegos/squid-craft-games-3-fecha-de-estreno-participantes-y-todas-las-novedades-del-evento/,Squid Craft Games 3 roster,https://areajugones.sport.es/videojuegos/squid-craft-games-3-fecha-de-estreno-participantes-y-todas-las-novedades-del-evento/,True,ElVenado98,True,medium,True,4,strict_competitive_v3,casual_creator_or_unverified_competitive_skill,Creator/event participation alone is not treated as competitive skill evidence.,
elvirayuki,ElviraYuki,ElviraYuki,event_handle_needs_profile_check,,,minecraft_profile_lookup,https://mc-api.io/profile/ElviraYuki/java,HISPANIC_CREATORS,5,casual_creator_or_insufficient_competitive_evidence,medium_low,https://areajugones.sport.es/videojuegos/squid-craft-games-3-fecha-de-estreno-participantes-y-todas-las-novedades-del-evento/,Squid Craft Games 3 roster,https://areajugones.sport.es/videojuegos/squid-craft-games-3-fecha-de-estreno-participantes-y-todas-las-novedades-del-evento/,True,ElviraYuki,True,medium,True,4,strict_competitive_v3,casual_creator_or_unverified_competitive_skill,Creator/event participation alone is not treated as competitive skill evidence.,
elwasabi,Elwasabi,Elwasabi,event_handle_needs_profile_check,,,minecraft_profile_lookup,https://mc-api.io/profile/Elwasabi/java,HISPANIC_CREATORS,5,casual_creator_or_insufficient_competitive_evidence,medium_low,https://movistaresports.com/streamers-participaran-minecraft-extremo-3/,Minecraft Extremo 3 roster,https://movistaresports.com/streamers-participaran-minecraft-extremo-3/,True,Elwasabi,True,medium,True,4,strict_competitive_v3,casual_creator_or_unverified_competitive_skill,Creator/event participation alone is not treated as competitive skill evidence.,
elxokas,ElXokas,ElXokas,event_handle_needs_profile_check,,,minecraft_profile_lookup,https://mc-api.io/profile/ElXokas/java,HISPANIC_CREATORS,5,casual_creator_or_insufficient_competitive_evidence,medium_low,https://es.wikipedia.org/wiki/Squid_Craft_Games_2,Squid Craft Games 2 roster,https://es.wikipedia.org/wiki/Squid_Craft_Games_2,True,ElXokas,True,medium,True,4,strict_competitive_v3,casual_creator_or_unverified_competitive_skill,Creator/event participation alone is not treated as competitive skill evidence.,
elzeein,ElZeein,ElZeein,event_handle_needs_profile_check,,,minecraft_profile_lookup,https://mc-api.io/profile/ElZeein/java,HISPANIC_CREATORS,5,casual_creator_or_insufficient_competitive_evidence,medium_low,https://es.wikipedia.org/wiki/Squid_Craft_Games_2,Squid Craft Games 2 roster,https://es.wikipedia.org/wiki/Squid_Craft_Games_2,True,ElZeein,True,medium,True,4,strict_competitive_v3,casual_creator_or_unverified_competitive_skill,Creator/event participation alone is not treated as competitive skill evidence.,
emikukis,Emikukis,Emikukis,event_handle_needs_profile_check,,,minecraft_profile_lookup,https://mc-api.io/profile/Emikukis/java,HISPANIC_CREATORS,5,casual_creator_or_insufficient_competitive_evidence,medium_low,https://es.wikipedia.org/wiki/Squid_Craft_Games_2,Squid Craft Games 2 roster,https://es.wikipedia.org/wiki/Squid_Craft_Games_2,True,Emikukis,True,medium,True,4,strict_competitive_v3,casual_creator_or_unverified_competitive_skill,Creator/event participation alone is not treated as competitive skill evidence.,
ernesbarbeq,Ernesbarbeq,Ernesbarbeq,event_handle_needs_profile_check,,,minecraft_profile_lookup,https://mc-api.io/profile/Ernesbarbeq/java,HISPANIC_CREATORS,5,casual_creator_or_insufficient_competitive_evidence,medium_low,https://es.wikipedia.org/wiki/Squid_Craft_Games_2,Squid Craft Games 2 roster,https://es.wikipedia.org/wiki/Squid_Craft_Games_2,True,Ernesbarbeq,True,medium,True,4,strict_competitive_v3,casual_creator_or_unverified_competitive_skill,Creator/event participation alone is not treated as competitive skill evidence.,
eskimalito,Eskimalito,Eskimalito,event_handle_needs_profile_check,,,minecraft_profile_lookup,https://mc-api.io/profile/Eskimalito/java,HISPANIC_CREATORS,5,casual_creator_or_insufficient_competitive_evidence,medium_low,https://es.wikipedia.org/wiki/Squid_Craft_Games_2,Squid Craft Games 2 roster,https://es.wikipedia.org/wiki/Squid_Craft_Games_2,True,Eskimalito,True,medium,True,4,strict_competitive_v3,casual_creator_or_unverified_competitive_skill,Creator/event participation alone is not treated as competitive skill evidence.,
espe,Espe,Espe,event_handle_needs_profile_check,,,minecraft_profile_lookup,https://mc-api.io/profile/Espe/java,HISPANIC_CREATORS,5,casual_creator_or_insufficient_competitive_evidence,medium_low,https://es.wikipedia.org/wiki/Squid_Craft_Games_2,Squid Craft Games 2 roster,https://es.wikipedia.org/wiki/Squid_Craft_Games_2,True,Espe,True,medium,True,4,strict_competitive_v3,casual_creator_or_unverified_competitive_skill,Creator/event participation alone is not treated as competitive skill evidence.,
estailus,Estailus,Estailus,event_handle_needs_profile_check,,,minecraft_profile_lookup,https://mc-api.io/profile/Estailus/java,HISPANIC_CREATORS,5,casual_creator_or_insufficient_competitive_evidence,medium_low,https://www.3djuegos.com/streamers/noticias/todos-participantes-fecha-squid-craft-games-4-competicion-rubius-auronplay-komanche-se-despide-a-grande,Squid Craft Games 4 roster,https://www.3djuegos.com/streamers/noticias/todos-participantes-fecha-squid-craft-games-4-competicion-rubius-auronplay-komanche-se-despide-a-grande,True,Estailus,True,medium,True,4,strict_competitive_v3,casual_creator_or_unverified_competitive_skill,Creator/event participation alone is not treated as competitive skill evidence.,
eva_partis,Eva Partis,EvaPartis,event_handle_needs_profile_check,,,minecraft_profile_lookup,https://mc-api.io/profile/EvaPartis/java,HISPANIC_CREATORS,5,casual_creator_or_insufficient_competitive_evidence,medium_low,https://www.3djuegos.com/streamers/noticias/todos-participantes-fecha-squid-craft-games-4-competicion-rubius-auronplay-komanche-se-despide-a-grande,Squid Craft Games 4 roster,https://www.3djuegos.com/streamers/noticias/todos-participantes-fecha-squid-craft-games-4-competicion-rubius-auronplay-komanche-se-despide-a-grande,True,EvaPartis,True,medium,True,4,strict_competitive_v3,casual_creator_or_unverified_competitive_skill,Creator/event participation alone is not treated as competitive skill evidence.,
feirlygab,FeirlyGab,FeirlyGab,event_handle_needs_profile_check,,,minecraft_profile_lookup,https://mc-api.io/profile/FeirlyGab/java,HISPANIC_CREATORS,5,casual_creator_or_insufficient_competitive_evidence,medium_low,https://areajugones.sport.es/videojuegos/squid-craft-games-3-fecha-de-estreno-participantes-y-todas-las-novedades-del-evento/,Squid Craft Games 3 roster,https://areajugones.sport.es/videojuegos/squid-craft-games-3-fecha-de-estreno-participantes-y-todas-las-novedades-del-evento/,True,FeirlyGab,True,medium,True,4,strict_competitive_v3,casual_creator_or_unverified_competitive_skill,Creator/event participation alone is not treated as competitive skill evidence.,
fernanfloo,Fernanfloo,Fernanfloo,known_creator_handle_needs_profile_check,,,minecraft_profile_lookup,https://mc-api.io/profile/Fernanfloo/java,HISPANIC_CREATORS,5,casual_creator_or_insufficient_competitive_evidence,medium_low,https://es.wikipedia.org/wiki/Karmaland,Historical Hispanic Minecraft creator curation,https://es.wikipedia.org/wiki/Karmaland,True,Fernanfloo,True,medium_low,True,5,strict_competitive_v3,casual_creator_or_unverified_competitive_skill,Creator/event participation alone is not treated as competitive skill evidence.,
filisgg,Filisgg,Filisgg,event_handle_needs_profile_check,,,minecraft_profile_lookup,https://mc-api.io/profile/Filisgg/java,HISPANIC_CREATORS,5,casual_creator_or_insufficient_competitive_evidence,medium_low,https://es.wikipedia.org/wiki/Squid_Craft_Games_2,Squid Craft Games 2 roster,https://es.wikipedia.org/wiki/Squid_Craft_Games_2,True,Filisgg,True,medium,True,4,strict_competitive_v3,casual_creator_or_unverified_competitive_skill,Creator/event participation alone is not treated as competitive skill evidence.,
gamstergaming,GamsterGaming,GamsterGaming,event_handle_needs_profile_check,,,minecraft_profile_lookup,https://mc-api.io/profile/GamsterGaming/java,HISPANIC_CREATORS,5,casual_creator_or_insufficient_competitive_evidence,medium_low,https://movistaresports.com/streamers-participaran-minecraft-extremo-3/,Minecraft Extremo 3 roster,https://movistaresports.com/streamers-participaran-minecraft-extremo-3/,True,GamsterGaming,True,medium,True,4,strict_competitive_v3,casual_creator_or_unverified_competitive_skill,Creator/event participation alone is not treated as competitive skill evidence.,
gemita,Gemita,Gemita,event_handle_needs_profile_check,,,minecraft_profile_lookup,https://mc-api.io/profile/Gemita/java,HISPANIC_CREATORS,5,casual_creator_or_insufficient_competitive_evidence,medium_low,https://es.wikipedia.org/wiki/Squid_Craft_Games_2,Squid Craft Games 2 roster,https://es.wikipedia.org/wiki/Squid_Craft_Games_2,True,Gemita,True,medium,True,4,strict_competitive_v3,casual_creator_or_unverified_competitive_skill,Creator/event participation alone is not treated as competitive skill evidence.,
genesis,Genesis,Genesis,event_handle_needs_profile_check,,,minecraft_profile_lookup,https://mc-api.io/profile/Genesis/java,HISPANIC_CREATORS,5,casual_creator_or_insufficient_competitive_evidence,medium_low,https://es.wikipedia.org/wiki/Squid_Craft_Games_2,Squid Craft Games 2 roster,https://es.wikipedia.org/wiki/Squid_Craft_Games_2,True,Genesis,True,medium,True,4,strict_competitive_v3,casual_creator_or_unverified_competitive_skill,Creator/event participation alone is not treated as competitive skill evidence.,
girlofnox,GirlOfNox,GirlOfNox,event_handle_needs_profile_check,,,minecraft_profile_lookup,https://mc-api.io/profile/GirlOfNox/java,HISPANIC_CREATORS,5,casual_creator_or_insufficient_competitive_evidence,medium_low,https://areajugones.sport.es/videojuegos/squid-craft-games-3-fecha-de-estreno-participantes-y-todas-las-novedades-del-evento/,Squid Craft Games 3 roster,https://areajugones.sport.es/videojuegos/squid-craft-games-3-fecha-de-estreno-participantes-y-todas-las-novedades-del-evento/,True,GirlOfNox,True,medium,True,4,strict_competitive_v3,casual_creator_or_unverified_competitive_skill,Creator/event participation alone is not treated as competitive skill evidence.,
glogloking,Glogloking,Glogloking,event_handle_needs_profile_check,,,minecraft_profile_lookup,https://mc-api.io/profile/Glogloking/java,HISPANIC_CREATORS,5,casual_creator_or_insufficient_competitive_evidence,medium_low,https://areajugones.sport.es/videojuegos/squid-craft-games-3-fecha-de-estreno-participantes-y-todas-las-novedades-del-evento/,Squid Craft Games 3 roster,https://areajugones.sport.es/videojuegos/squid-craft-games-3-fecha-de-estreno-participantes-y-todas-las-novedades-del-evento/,True,Glogloking,True,medium,True,4,strict_competitive_v3,casual_creator_or_unverified_competitive_skill,Creator/event participation alone is not treated as competitive skill evidence.,
guanyar,Guanyar,Guanyar,event_handle_needs_profile_check,,,minecraft_profile_lookup,https://mc-api.io/profile/Guanyar/java,HISPANIC_CREATORS,5,casual_creator_or_insufficient_competitive_evidence,medium_low,https://www.3djuegos.com/streamers/noticias/todos-participantes-fecha-squid-craft-games-4-competicion-rubius-auronplay-komanche-se-despide-a-grande,Squid Craft Games 4 roster,https://www.3djuegos.com/streamers/noticias/todos-participantes-fecha-squid-craft-games-4-competicion-rubius-auronplay-komanche-se-despide-a-grande,True,Guanyar,True,medium,True,4,strict_competitive_v3,casual_creator_or_unverified_competitive_skill,Creator/event participation alone is not treated as competitive skill evidence.,
guibel_reviews,Guibel Reviews,GuibelReviews,event_handle_needs_profile_check,,,minecraft_profile_lookup,https://mc-api.io/profile/GuibelReviews/java,HISPANIC_CREATORS,5,casual_creator_or_insufficient_competitive_evidence,medium_low,https://www.3djuegos.com/streamers/noticias/todos-participantes-fecha-squid-craft-games-4-competicion-rubius-auronplay-komanche-se-despide-a-grande,Squid Craft Games 4 roster,https://www.3djuegos.com/streamers/noticias/todos-participantes-fecha-squid-craft-games-4-competicion-rubius-auronplay-komanche-se-despide-a-grande,True,GuibelReviews,True,medium,True,4,strict_competitive_v3,casual_creator_or_unverified_competitive_skill,Creator/event participation alone is not treated as competitive skill evidence.,
hasvik,Hasvik,Hasvik,event_handle_needs_profile_check,,,minecraft_profile_lookup,https://mc-api.io/profile/Hasvik/java,HISPANIC_CREATORS,5,casual_creator_or_insufficient_competitive_evidence,medium_low,https://es.wikipedia.org/wiki/Squid_Craft_Games_2,Squid Craft Games 2 roster,https://es.wikipedia.org/wiki/Squid_Craft_Games_2,True,Hasvik,True,medium,True,4,strict_competitive_v3,casual_creator_or_unverified_competitive_skill,Creator/event participation alone is not treated as competitive skill evidence.,
herny,HeRny,HeRny,known_creator_handle_needs_profile_check,,,minecraft_profile_lookup,https://mc-api.io/profile/HeRny/java,HISPANIC_CREATORS,5,casual_creator_or_insufficient_competitive_evidence,medium_low,https://es.wikipedia.org/wiki/Karmaland,Historical Hispanic Minecraft creator curation,https://es.wikipedia.org/wiki/Karmaland,True,HeRny,True,medium_low,True,4,strict_competitive_v3,casual_creator_or_unverified_competitive_skill,Creator/event participation alone is not treated as competitive skill evidence.,
ibai,Ibai,Ibai,event_handle_needs_profile_check,,,minecraft_profile_lookup,https://mc-api.io/profile/Ibai/java,HISPANIC_CREATORS,5,casual_creator_or_insufficient_competitive_evidence,medium_low,https://es.wikipedia.org/wiki/Squid_Craft_Games_2,Squid Craft Games 2 roster,https://es.wikipedia.org/wiki/Squid_Craft_Games_2,True,Ibai,True,medium,True,5,strict_competitive_v3,casual_creator_or_unverified_competitive_skill,Creator/event participation alone is not treated as competitive skill evidence.,
ichurrox,iChurrox,iChurrox,event_handle_needs_profile_check,,,minecraft_profile_lookup,https://mc-api.io/profile/iChurrox/java,HISPANIC_CREATORS,5,casual_creator_or_insufficient_competitive_evidence,medium_low,https://areajugones.sport.es/videojuegos/squid-craft-games-3-fecha-de-estreno-participantes-y-todas-las-novedades-del-evento/,Squid Craft Games 3 roster,https://areajugones.sport.es/videojuegos/squid-craft-games-3-fecha-de-estreno-participantes-y-todas-las-novedades-del-evento/,True,iChurrox,True,medium,True,4,strict_competitive_v3,casual_creator_or_unverified_competitive_skill,Creator/event participation alone is not treated as competitive skill evidence.,
ikerr_verhand,Ikerr Verhand,IkerrVerhand,event_handle_needs_profile_check,,,minecraft_profile_lookup,https://mc-api.io/profile/IkerrVerhand/java,HISPANIC_CREATORS,5,casual_creator_or_insufficient_competitive_evidence,medium_low,https://www.3djuegos.com/streamers/noticias/todos-participantes-fecha-squid-craft-games-4-competicion-rubius-auronplay-komanche-se-despide-a-grande,Squid Craft Games 4 roster,https://www.3djuegos.com/streamers/noticias/todos-participantes-fecha-squid-craft-games-4-competicion-rubius-auronplay-komanche-se-despide-a-grande,True,IkerrVerhand,True,medium,True,4,strict_competitive_v3,casual_creator_or_unverified_competitive_skill,Creator/event participation alone is not treated as competitive skill evidence.,
illojuan,IlloJuan,IlloJuan,event_handle_needs_profile_check,,,minecraft_profile_lookup,https://mc-api.io/profile/IlloJuan/java,HISPANIC_CREATORS,5,casual_creator_or_insufficient_competitive_evidence,medium_low,https://es.wikipedia.org/wiki/Squid_Craft_Games_2,Squid Craft Games 2 roster,https://es.wikipedia.org/wiki/Squid_Craft_Games_2,True,IlloJuan,True,medium,True,4,strict_competitive_v3,casual_creator_or_unverified_competitive_skill,Creator/event participation alone is not treated as competitive skill evidence.,
ilocochon,ILocochon,ILocochon,event_handle_needs_profile_check,,,minecraft_profile_lookup,https://mc-api.io/profile/ILocochon/java,HISPANIC_CREATORS,5,casual_creator_or_insufficient_competitive_evidence,medium_low,https://es.wikipedia.org/wiki/Squid_Craft_Games_2,Squid Craft Games 2 roster,https://es.wikipedia.org/wiki/Squid_Craft_Games_2,True,ILocochon,True,medium,True,4,strict_competitive_v3,casual_creator_or_unverified_competitive_skill,Creator/event participation alone is not treated as competitive skill evidence.,
imantado,imantado,imantado,event_handle_needs_profile_check,,,minecraft_profile_lookup,https://mc-api.io/profile/imantado/java,HISPANIC_CREATORS,5,casual_creator_or_insufficient_competitive_evidence,medium_low,https://es.wikipedia.org/wiki/Squid_Craft_Games_2,Squid Craft Games 2 roster,https://es.wikipedia.org/wiki/Squid_Craft_Games_2,True,imantado,True,medium,True,4,strict_competitive_v3,casual_creator_or_unverified_competitive_skill,Creator/event participation alone is not treated as competitive skill evidence.,
ipandarina,ipandarina,ipandarina,event_handle_needs_profile_check,,,minecraft_profile_lookup,https://mc-api.io/profile/ipandarina/java,HISPANIC_CREATORS,5,casual_creator_or_insufficient_competitive_evidence,medium_low,https://es.wikipedia.org/wiki/Squid_Craft_Games_2,Squid Craft Games 2 roster,https://es.wikipedia.org/wiki/Squid_Craft_Games_2,True,ipandarina,True,medium,True,4,strict_competitive_v3,casual_creator_or_unverified_competitive_skill,Creator/event participation alone is not treated as competitive skill evidence.,
isarockets,Isarockets,Isarockets,event_handle_needs_profile_check,,,minecraft_profile_lookup,https://mc-api.io/profile/Isarockets/java,HISPANIC_CREATORS,5,casual_creator_or_insufficient_competitive_evidence,medium_low,https://www.3djuegos.com/streamers/noticias/todos-participantes-fecha-squid-craft-games-4-competicion-rubius-auronplay-komanche-se-despide-a-grande,Squid Craft Games 4 roster,https://www.3djuegos.com/streamers/noticias/todos-participantes-fecha-squid-craft-games-4-competicion-rubius-auronplay-komanche-se-despide-a-grande,True,Isarockets,True,medium,True,4,strict_competitive_v3,casual_creator_or_unverified_competitive_skill,Creator/event participation alone is not treated as competitive skill evidence.,
isasi,Isasi,Isasi,event_handle_needs_profile_check,,,minecraft_profile_lookup,https://mc-api.io/profile/Isasi/java,HISPANIC_CREATORS,5,casual_creator_or_insufficient_competitive_evidence,medium_low,https://movistaresports.com/streamers-participaran-minecraft-extremo-3/,Minecraft Extremo 3 roster,https://movistaresports.com/streamers-participaran-minecraft-extremo-3/,True,Isasi,True,medium,True,4,strict_competitive_v3,casual_creator_or_unverified_competitive_skill,Creator/event participation alone is not treated as competitive skill evidence.,
itowngameplay,iTownGamePlay,iTownGamePlay,known_creator_handle_needs_profile_check,,,minecraft_profile_lookup,https://mc-api.io/profile/iTownGamePlay/java,HISPANIC_CREATORS,5,casual_creator_or_insufficient_competitive_evidence,medium_low,https://es.wikipedia.org/wiki/Karmaland,Historical Hispanic Minecraft creator curation,https://es.wikipedia.org/wiki/Karmaland,True,iTownGamePlay,True,medium_low,True,4,strict_competitive_v3,casual_creator_or_unverified_competitive_skill,Creator/event participation alone is not treated as competitive skill evidence.,
jacky,Jacky,Jacky,event_handle_needs_profile_check,,,minecraft_profile_lookup,https://mc-api.io/profile/Jacky/java,HISPANIC_CREATORS,5,casual_creator_or_insufficient_competitive_evidence,medium_low,https://www.3djuegos.com/streamers/noticias/todos-participantes-fecha-squid-craft-games-4-competicion-rubius-auronplay-komanche-se-despide-a-grande,Squid Craft Games 4 roster,https://www.3djuegos.com/streamers/noticias/todos-participantes-fecha-squid-craft-games-4-competicion-rubius-auronplay-komanche-se-despide-a-grande,True,Jacky,True,medium,True,4,strict_competitive_v3,casual_creator_or_unverified_competitive_skill,Creator/event participation alone is not treated as competitive skill evidence.,
jcorko,Jcorko_,Jcorko_,event_handle_needs_profile_check,,,minecraft_profile_lookup,https://mc-api.io/profile/Jcorko_/java,HISPANIC_CREATORS,5,casual_creator_or_insufficient_competitive_evidence,medium_low,https://es.wikipedia.org/wiki/Squid_Craft_Games_2,Squid Craft Games 2 roster,https://es.wikipedia.org/wiki/Squid_Craft_Games_2,True,Jcorko_,True,medium,True,4,strict_competitive_v3,casual_creator_or_unverified_competitive_skill,Creator/event participation alone is not treated as competitive skill evidence.,
jelty,Jelty,Jelty,event_handle_needs_profile_check,,,minecraft_profile_lookup,https://mc-api.io/profile/Jelty/java,HISPANIC_CREATORS,5,casual_creator_or_insufficient_competitive_evidence,medium_low,https://es.wikipedia.org/wiki/Squid_Craft_Games_2,Squid Craft Games 2 roster,https://es.wikipedia.org/wiki/Squid_Craft_Games_2,True,Jelty,True,medium,True,4,strict_competitive_v3,casual_creator_or_unverified_competitive_skill,Creator/event participation alone is not treated as competitive skill evidence.,
jh_de_la_cruz,JH De la Cruz,JHDelaCruz,event_handle_needs_profile_check,,,minecraft_profile_lookup,https://mc-api.io/profile/JHDelaCruz/java,HISPANIC_CREATORS,5,casual_creator_or_insufficient_competitive_evidence,medium_low,https://www.3djuegos.com/streamers/noticias/todos-participantes-fecha-squid-craft-games-4-competicion-rubius-auronplay-komanche-se-despide-a-grande,Squid Craft Games 4 roster,https://www.3djuegos.com/streamers/noticias/todos-participantes-fecha-squid-craft-games-4-competicion-rubius-auronplay-komanche-se-despide-a-grande,True,JHDelaCruz,True,medium,True,4,strict_competitive_v3,casual_creator_or_unverified_competitive_skill,Creator/event participation alone is not treated as competitive skill evidence.,
jhdelacruz777,jhdelacruz777,jhdelacruz777,event_handle_needs_profile_check,,,minecraft_profile_lookup,https://mc-api.io/profile/jhdelacruz777/java,HISPANIC_CREATORS,5,casual_creator_or_insufficient_competitive_evidence,medium_low,https://es.wikipedia.org/wiki/Squid_Craft_Games_2,Squid Craft Games 2 roster,https://es.wikipedia.org/wiki/Squid_Craft_Games_2,True,jhdelacruz777,True,medium,True,4,strict_competitive_v3,casual_creator_or_unverified_competitive_skill,Creator/event participation alone is not treated as competitive skill evidence.,
jokkijokki,Jokkijokki,Jokkijokki,event_handle_needs_profile_check,,,minecraft_profile_lookup,https://mc-api.io/profile/Jokkijokki/java,HISPANIC_CREATORS,5,casual_creator_or_insufficient_competitive_evidence,medium_low,https://areajugones.sport.es/videojuegos/squid-craft-games-3-fecha-de-estreno-participantes-y-todas-las-novedades-del-evento/,Squid Craft Games 3 roster,https://areajugones.sport.es/videojuegos/squid-craft-games-3-fecha-de-estreno-participantes-y-todas-las-novedades-del-evento/,True,Jokkijokki,True,medium,True,4,strict_competitive_v3,casual_creator_or_unverified_competitive_skill,Creator/event participation alone is not treated as competitive skill evidence.,
josecristo,Josecristo_,Josecristo_,event_handle_needs_profile_check,,,minecraft_profile_lookup,https://mc-api.io/profile/Josecristo_/java,HISPANIC_CREATORS,5,casual_creator_or_insufficient_competitive_evidence,medium_low,https://es.wikipedia.org/wiki/Squid_Craft_Games_2,Squid Craft Games 2 roster,https://es.wikipedia.org/wiki/Squid_Craft_Games_2,True,Josecristo_,True,medium,True,4,strict_competitive_v3,casual_creator_or_unverified_competitive_skill,Creator/event participation alone is not treated as competitive skill evidence.,
josepo_90,Josepo_90,Josepo_90,event_handle_needs_profile_check,,,minecraft_profile_lookup,https://mc-api.io/profile/Josepo_90/java,HISPANIC_CREATORS,5,casual_creator_or_insufficient_competitive_evidence,medium_low,https://es.wikipedia.org/wiki/Squid_Craft_Games_2,Squid Craft Games 2 roster,https://es.wikipedia.org/wiki/Squid_Craft_Games_2,True,Josepo_90,True,medium,True,4,strict_competitive_v3,casual_creator_or_unverified_competitive_skill,Creator/event participation alone is not treated as competitive skill evidence.,
kappah,Kappah,Kappah,event_handle_needs_profile_check,,,minecraft_profile_lookup,https://mc-api.io/profile/Kappah/java,HISPANIC_CREATORS,5,casual_creator_or_insufficient_competitive_evidence,medium_low,https://www.3djuegos.com/streamers/noticias/todos-participantes-fecha-squid-craft-games-4-competicion-rubius-auronplay-komanche-se-despide-a-grande,Squid Craft Games 4 roster,https://www.3djuegos.com/streamers/noticias/todos-participantes-fecha-squid-craft-games-4-competicion-rubius-auronplay-komanche-se-despide-a-grande,True,Kappah,True,medium,True,4,strict_competitive_v3,casual_creator_or_unverified_competitive_skill,Creator/event participation alone is not treated as competitive skill evidence.,
karchez,Karchez,Karchez,event_handle_needs_profile_check,,,minecraft_profile_lookup,https://mc-api.io/profile/Karchez/java,HISPANIC_CREATORS,5,casual_creator_or_insufficient_competitive_evidence,medium_low,https://es.wikipedia.org/wiki/Squid_Craft_Games_2,Squid Craft Games 2 roster,https://es.wikipedia.org/wiki/Squid_Craft_Games_2,True,Karchez,True,medium,True,4,strict_competitive_v3,casual_creator_or_unverified_competitive_skill,Creator/event participation alone is not treated as competitive skill evidence.,
kidirl,Kidirl,Kidirl,event_handle_needs_profile_check,,,minecraft_profile_lookup,https://mc-api.io/profile/Kidirl/java,HISPANIC_CREATORS,5,casual_creator_or_insufficient_competitive_evidence,medium_low,https://es.wikipedia.org/wiki/Squid_Craft_Games_2,Squid Craft Games 2 roster,https://es.wikipedia.org/wiki/Squid_Craft_Games_2,True,Kidirl,True,medium,True,4,strict_competitive_v3,casual_creator_or_unverified_competitive_skill,Creator/event participation alone is not treated as competitive skill evidence.,
knekro,Knekro,Knekro,event_handle_needs_profile_check,,,minecraft_profile_lookup,https://mc-api.io/profile/Knekro/java,HISPANIC_CREATORS,5,casual_creator_or_insufficient_competitive_evidence,medium_low,https://es.wikipedia.org/wiki/Squid_Craft_Games_2,Squid Craft Games 2 roster,https://es.wikipedia.org/wiki/Squid_Craft_Games_2,True,Knekro,True,medium,True,4,strict_competitive_v3,casual_creator_or_unverified_competitive_skill,Creator/event participation alone is not treated as competitive skill evidence.,
lakshartnia,LakshartNia,LakshartNia,event_handle_needs_profile_check,,,minecraft_profile_lookup,https://mc-api.io/profile/LakshartNia/java,HISPANIC_CREATORS,5,casual_creator_or_insufficient_competitive_evidence,medium_low,https://es.wikipedia.org/wiki/Squid_Craft_Games_2,Squid Craft Games 2 roster,https://es.wikipedia.org/wiki/Squid_Craft_Games_2,True,LakshartNia,True,medium,True,4,strict_competitive_v3,casual_creator_or_unverified_competitive_skill,Creator/event participation alone is not treated as competitive skill evidence.,
larrycabirria,LarryCabirria,LarryCabirria,event_handle_needs_profile_check,,,minecraft_profile_lookup,https://mc-api.io/profile/LarryCabirria/java,HISPANIC_CREATORS,5,casual_creator_or_insufficient_competitive_evidence,medium_low,https://es.wikipedia.org/wiki/Squid_Craft_Games_2,Squid Craft Games 2 roster,https://es.wikipedia.org/wiki/Squid_Craft_Games_2,True,LarryCabirria,True,medium,True,4,strict_competitive_v3,casual_creator_or_unverified_competitive_skill,Creator/event participation alone is not treated as competitive skill evidence.,
lasapaaaaa,LaSapaaaaa,LaSapaaaaa,event_handle_needs_profile_check,,,minecraft_profile_lookup,https://mc-api.io/profile/LaSapaaaaa/java,HISPANIC_CREATORS,5,casual_creator_or_insufficient_competitive_evidence,medium_low,https://areajugones.sport.es/videojuegos/squid-craft-games-3-fecha-de-estreno-participantes-y-todas-las-novedades-del-evento/,Squid Craft Games 3 roster,https://areajugones.sport.es/videojuegos/squid-craft-games-3-fecha-de-estreno-participantes-y-todas-las-novedades-del-evento/,True,LaSapaaaaa,True,medium,True,4,strict_competitive_v3,casual_creator_or_unverified_competitive_skill,Creator/event participation alone is not treated as competitive skill evidence.,
latesitoo,Latesitoo,Latesitoo,event_handle_needs_profile_check,,,minecraft_profile_lookup,https://mc-api.io/profile/Latesitoo/java,HISPANIC_CREATORS,5,casual_creator_or_insufficient_competitive_evidence,medium_low,https://es.wikipedia.org/wiki/Squid_Craft_Games_2,Squid Craft Games 2 roster,https://es.wikipedia.org/wiki/Squid_Craft_Games_2,True,Latesitoo,True,medium,True,4,strict_competitive_v3,casual_creator_or_unverified_competitive_skill,Creator/event participation alone is not treated as competitive skill evidence.,
lecherofett,Lecherofett,Lecherofett,event_handle_needs_profile_check,,,minecraft_profile_lookup,https://mc-api.io/profile/Lecherofett/java,HISPANIC_CREATORS,5,casual_creator_or_insufficient_competitive_evidence,medium_low,https://www.3djuegos.com/streamers/noticias/todos-participantes-fecha-squid-craft-games-4-competicion-rubius-auronplay-komanche-se-despide-a-grande,Squid Craft Games 4 roster,https://www.3djuegos.com/streamers/noticias/todos-participantes-fecha-squid-craft-games-4-competicion-rubius-auronplay-komanche-se-despide-a-grande,True,Lecherofett,True,medium,True,4,strict_competitive_v3,casual_creator_or_unverified_competitive_skill,Creator/event participation alone is not treated as competitive skill evidence.,
lenay,Lenay,Lenay,event_handle_needs_profile_check,,,minecraft_profile_lookup,https://mc-api.io/profile/Lenay/java,HISPANIC_CREATORS,5,casual_creator_or_insufficient_competitive_evidence,medium_low,https://es.wikipedia.org/wiki/Squid_Craft_Games_2,Squid Craft Games 2 roster,https://es.wikipedia.org/wiki/Squid_Craft_Games_2,True,Lenay,True,medium,True,4,strict_competitive_v3,casual_creator_or_unverified_competitive_skill,Creator/event participation alone is not treated as competitive skill evidence.,
littleragergirl,LittleRagerGirl,LittleRagerGirl,event_handle_needs_profile_check,,,minecraft_profile_lookup,https://mc-api.io/profile/LittleRagerGirl/java,HISPANIC_CREATORS,5,casual_creator_or_insufficient_competitive_evidence,medium_low,https://es.wikipedia.org/wiki/Squid_Craft_Games_2,Squid Craft Games 2 roster,https://es.wikipedia.org/wiki/Squid_Craft_Games_2,True,LittleRagerGirl,True,medium,True,4,strict_competitive_v3,casual_creator_or_unverified_competitive_skill,Creator/event participation alone is not treated as competitive skill evidence.,
llunaclark,LlunaClark,LlunaClark,event_handle_needs_profile_check,,,minecraft_profile_lookup,https://mc-api.io/profile/LlunaClark/java,HISPANIC_CREATORS,5,casual_creator_or_insufficient_competitive_evidence,medium_low,https://es.wikipedia.org/wiki/Squid_Craft_Games_2,Squid Craft Games 2 roster,https://es.wikipedia.org/wiki/Squid_Craft_Games_2,True,LlunaClark,True,medium,True,4,strict_competitive_v3,casual_creator_or_unverified_competitive_skill,Creator/event participation alone is not treated as competitive skill evidence.,
locochon,Locochon,Locochon,event_handle_needs_profile_check,,,minecraft_profile_lookup,https://mc-api.io/profile/Locochon/java,HISPANIC_CREATORS,5,casual_creator_or_insufficient_competitive_evidence,medium_low,https://areajugones.sport.es/videojuegos/squid-craft-games-3-fecha-de-estreno-participantes-y-todas-las-novedades-del-evento/,Squid Craft Games 3 roster,https://areajugones.sport.es/videojuegos/squid-craft-games-3-fecha-de-estreno-participantes-y-todas-las-novedades-del-evento/,True,Locochon,True,medium,True,4,strict_competitive_v3,casual_creator_or_unverified_competitive_skill,Creator/event participation alone is not treated as competitive skill evidence.,
lonche,Lonche,Lonche,event_handle_needs_profile_check,,,minecraft_profile_lookup,https://mc-api.io/profile/Lonche/java,HISPANIC_CREATORS,5,casual_creator_or_insufficient_competitive_evidence,medium_low,https://www.3djuegos.com/streamers/noticias/todos-participantes-fecha-squid-craft-games-4-competicion-rubius-auronplay-komanche-se-despide-a-grande,Squid Craft Games 4 roster,https://www.3djuegos.com/streamers/noticias/todos-participantes-fecha-squid-craft-games-4-competicion-rubius-auronplay-komanche-se-despide-a-grande,True,Lonche,True,medium,True,4,strict_competitive_v3,casual_creator_or_unverified_competitive_skill,Creator/event participation alone is not treated as competitive skill evidence.,
lonchedehuevito,LoncheDeHuevito,LoncheDeHuevito,event_handle_needs_profile_check,,,minecraft_profile_lookup,https://mc-api.io/profile/LoncheDeHuevito/java,HISPANIC_CREATORS,5,casual_creator_or_insufficient_competitive_evidence,medium_low,https://areajugones.sport.es/videojuegos/squid-craft-games-3-fecha-de-estreno-participantes-y-todas-las-novedades-del-evento/,Squid Craft Games 3 roster,https://areajugones.sport.es/videojuegos/squid-craft-games-3-fecha-de-estreno-participantes-y-todas-las-novedades-del-evento/,True,LoncheDeHuevito,True,medium,True,4,strict_competitive_v3,casual_creator_or_unverified_competitive_skill,Creator/event participation alone is not treated as competitive skill evidence.,
los_futbolitos,Los Futbolitos,LosFutbolitos,event_handle_needs_profile_check,,,minecraft_profile_lookup,https://mc-api.io/profile/LosFutbolitos/java,HISPANIC_CREATORS,5,casual_creator_or_insufficient_competitive_evidence,medium_low,https://areajugones.sport.es/videojuegos/squid-craft-games-3-fecha-de-estreno-participantes-y-todas-las-novedades-del-evento/,Squid Craft Games 3 roster,https://areajugones.sport.es/videojuegos/squid-craft-games-3-fecha-de-estreno-participantes-y-todas-las-novedades-del-evento/,True,LosFutbolitos,True,medium,True,4,strict_competitive_v3,casual_creator_or_unverified_competitive_skill,Creator/event participation alone is not treated as competitive skill evidence.,
lukowskyx,Lukowskyx,Lukowskyx,event_handle_needs_profile_check,,,minecraft_profile_lookup,https://mc-api.io/profile/Lukowskyx/java,HISPANIC_CREATORS,5,casual_creator_or_insufficient_competitive_evidence,medium_low,https://movistaresports.com/streamers-participaran-minecraft-extremo-3/,Minecraft Extremo 3 roster,https://movistaresports.com/streamers-participaran-minecraft-extremo-3/,True,Lukowskyx,True,medium,True,4,strict_competitive_v3,casual_creator_or_unverified_competitive_skill,Creator/event participation alone is not treated as competitive skill evidence.,
luquitasrodriguez,LuquitasRodriguez,,unresolved_invalid_java_name_syntax,,,minecraft_profile_lookup,,HISPANIC_CREATORS,5,casual_creator_or_insufficient_competitive_evidence,medium_low,https://es.wikipedia.org/wiki/Karmaland,Historical Hispanic Minecraft creator curation,https://es.wikipedia.org/wiki/Karmaland,True,LuquitasRodriguez,False,low,True,4,strict_competitive_v3,casual_creator_or_unverified_competitive_skill,Creator/event participation alone is not treated as competitive skill evidence.,
lyna,Lyna,Lyna,known_creator_handle_needs_profile_check,,,minecraft_profile_lookup,https://mc-api.io/profile/Lyna/java,HISPANIC_CREATORS,5,casual_creator_or_insufficient_competitive_evidence,medium_low,https://es.wikipedia.org/wiki/Karmaland,Historical Hispanic Minecraft creator curation,https://es.wikipedia.org/wiki/Karmaland,True,Lyna,True,medium_low,True,4,strict_competitive_v3,casual_creator_or_unverified_competitive_skill,Creator/event participation alone is not treated as competitive skill evidence.,
maau,Maau,Maau,event_handle_needs_profile_check,,,minecraft_profile_lookup,https://mc-api.io/profile/Maau/java,HISPANIC_CREATORS,5,casual_creator_or_insufficient_competitive_evidence,medium_low,https://es.wikipedia.org/wiki/Squid_Craft_Games_2,Squid Craft Games 2 roster,https://es.wikipedia.org/wiki/Squid_Craft_Games_2,True,Maau,True,medium,True,4,strict_competitive_v3,casual_creator_or_unverified_competitive_skill,Creator/event participation alone is not treated as competitive skill evidence.,
maferrocha,MaferRocha,MaferRocha,event_handle_needs_profile_check,,,minecraft_profile_lookup,https://mc-api.io/profile/MaferRocha/java,HISPANIC_CREATORS,5,casual_creator_or_insufficient_competitive_evidence,medium_low,https://es.wikipedia.org/wiki/Squid_Craft_Games_2,Squid Craft Games 2 roster,https://es.wikipedia.org/wiki/Squid_Craft_Games_2,True,MaferRocha,True,medium,True,4,strict_competitive_v3,casual_creator_or_unverified_competitive_skill,Creator/event participation alone is not treated as competitive skill evidence.,
makiman131,Makiman131,Makiman131,known_creator_handle_needs_profile_check,,,minecraft_profile_lookup,https://mc-api.io/profile/Makiman131/java,HISPANIC_CREATORS,5,casual_creator_or_insufficient_competitive_evidence,medium_low,https://es.wikipedia.org/wiki/Karmaland,Historical Hispanic Minecraft creator curation,https://es.wikipedia.org/wiki/Karmaland,True,Makiman131,True,medium_low,True,4,strict_competitive_v3,casual_creator_or_unverified_competitive_skill,Creator/event participation alone is not treated as competitive skill evidence.,
manute,Manute,Manute,event_handle_needs_profile_check,,,minecraft_profile_lookup,https://mc-api.io/profile/Manute/java,HISPANIC_CREATORS,5,casual_creator_or_insufficient_competitive_evidence,medium_low,https://es.wikipedia.org/wiki/Squid_Craft_Games_2,Squid Craft Games 2 roster,https://es.wikipedia.org/wiki/Squid_Craft_Games_2,True,Manute,True,medium,True,4,strict_competitive_v3,casual_creator_or_unverified_competitive_skill,Creator/event participation alone is not treated as competitive skill evidence.,
marinaifx,Marinaifx,Marinaifx,event_handle_needs_profile_check,,,minecraft_profile_lookup,https://mc-api.io/profile/Marinaifx/java,HISPANIC_CREATORS,5,casual_creator_or_insufficient_competitive_evidence,medium_low,https://movistaresports.com/streamers-participaran-minecraft-extremo-3/,Minecraft Extremo 3 roster,https://movistaresports.com/streamers-participaran-minecraft-extremo-3/,True,Marinaifx,True,medium,True,4,strict_competitive_v3,casual_creator_or_unverified_competitive_skill,Creator/event participation alone is not treated as competitive skill evidence.,
markilokuras,MarkiLokuras,MarkiLokuras,event_handle_needs_profile_check,,,minecraft_profile_lookup,https://mc-api.io/profile/MarkiLokuras/java,HISPANIC_CREATORS,5,casual_creator_or_insufficient_competitive_evidence,medium_low,https://www.3djuegos.com/streamers/noticias/todos-participantes-fecha-squid-craft-games-4-competicion-rubius-auronplay-komanche-se-despide-a-grande,Squid Craft Games 4 roster,https://www.3djuegos.com/streamers/noticias/todos-participantes-fecha-squid-craft-games-4-competicion-rubius-auronplay-komanche-se-despide-a-grande,True,MarkiLokuras,True,medium,True,4,strict_competitive_v3,casual_creator_or_unverified_competitive_skill,Creator/event participation alone is not treated as competitive skill evidence.,
maximus,Maximus,Maximus,event_handle_needs_profile_check,,,minecraft_profile_lookup,https://mc-api.io/profile/Maximus/java,HISPANIC_CREATORS,5,casual_creator_or_insufficient_competitive_evidence,medium_low,https://areajugones.sport.es/videojuegos/squid-craft-games-3-fecha-de-estreno-participantes-y-todas-las-novedades-del-evento/,Squid Craft Games 3 roster,https://areajugones.sport.es/videojuegos/squid-craft-games-3-fecha-de-estreno-participantes-y-todas-las-novedades-del-evento/,True,Maximus,True,medium,True,4,strict_competitive_v3,casual_creator_or_unverified_competitive_skill,Creator/event participation alone is not treated as competitive skill evidence.,
mayichi,Mayichi,Mayichi,event_handle_needs_profile_check,,,minecraft_profile_lookup,https://mc-api.io/profile/Mayichi/java,HISPANIC_CREATORS,5,casual_creator_or_insufficient_competitive_evidence,medium_low,https://movistaresports.com/streamers-participaran-minecraft-extremo-3/,Minecraft Extremo 3 roster,https://movistaresports.com/streamers-participaran-minecraft-extremo-3/,True,Mayichi,True,medium,True,4,strict_competitive_v3,casual_creator_or_unverified_competitive_skill,Creator/event participation alone is not treated as competitive skill evidence.,
mayleen,Mayleen,Mayleen,event_handle_needs_profile_check,,,minecraft_profile_lookup,https://mc-api.io/profile/Mayleen/java,HISPANIC_CREATORS,5,casual_creator_or_insufficient_competitive_evidence,medium_low,https://es.wikipedia.org/wiki/Squid_Craft_Games_2,Squid Craft Games 2 roster,https://es.wikipedia.org/wiki/Squid_Craft_Games_2,True,Mayleen,True,medium,True,4,strict_competitive_v3,casual_creator_or_unverified_competitive_skill,Creator/event participation alone is not treated as competitive skill evidence.,
meiga05,Meiga05,Meiga05,event_handle_needs_profile_check,,,minecraft_profile_lookup,https://mc-api.io/profile/Meiga05/java,HISPANIC_CREATORS,5,casual_creator_or_insufficient_competitive_evidence,medium_low,https://www.3djuegos.com/streamers/noticias/todos-participantes-fecha-squid-craft-games-4-competicion-rubius-auronplay-komanche-se-despide-a-grande,Squid Craft Games 4 roster,https://www.3djuegos.com/streamers/noticias/todos-participantes-fecha-squid-craft-games-4-competicion-rubius-auronplay-komanche-se-despide-a-grande,True,Meiga05,True,medium,True,4,strict_competitive_v3,casual_creator_or_unverified_competitive_skill,Creator/event participation alone is not treated as competitive skill evidence.,
menostrece,MenosTrece,MenosTrece,event_handle_needs_profile_check,,,minecraft_profile_lookup,https://mc-api.io/profile/MenosTrece/java,HISPANIC_CREATORS,5,casual_creator_or_insufficient_competitive_evidence,medium_low,https://es.wikipedia.org/wiki/Squid_Craft_Games_2,Squid Craft Games 2 roster,https://es.wikipedia.org/wiki/Squid_Craft_Games_2,True,MenosTrece,True,medium,True,4,strict_competitive_v3,casual_creator_or_unverified_competitive_skill,Creator/event participation alone is not treated as competitive skill evidence.,
mernuel,Mernuel,Mernuel,event_handle_needs_profile_check,,,minecraft_profile_lookup,https://mc-api.io/profile/Mernuel/java,HISPANIC_CREATORS,5,casual_creator_or_insufficient_competitive_evidence,medium_low,https://www.3djuegos.com/streamers/noticias/todos-participantes-fecha-squid-craft-games-4-competicion-rubius-auronplay-komanche-se-despide-a-grande,Squid Craft Games 4 roster,https://www.3djuegos.com/streamers/noticias/todos-participantes-fecha-squid-craft-games-4-competicion-rubius-auronplay-komanche-se-despide-a-grande,True,Mernuel,True,medium,True,4,strict_competitive_v3,casual_creator_or_unverified_competitive_skill,Creator/event participation alone is not treated as competitive skill evidence.,
mich_taquito,Mich Taquito,MichTaquito,event_handle_needs_profile_check,,,minecraft_profile_lookup,https://mc-api.io/profile/MichTaquito/java,HISPANIC_CREATORS,5,casual_creator_or_insufficient_competitive_evidence,medium_low,https://www.3djuegos.com/streamers/noticias/todos-participantes-fecha-squid-craft-games-4-competicion-rubius-auronplay-komanche-se-despide-a-grande,Squid Craft Games 4 roster,https://www.3djuegos.com/streamers/noticias/todos-participantes-fecha-squid-craft-games-4-competicion-rubius-auronplay-komanche-se-despide-a-grande,True,MichTaquito,True,medium,True,4,strict_competitive_v3,casual_creator_or_unverified_competitive_skill,Creator/event participation alone is not treated as competitive skill evidence.,
mictia,Mictia,Mictia,event_handle_needs_profile_check,,,minecraft_profile_lookup,https://mc-api.io/profile/Mictia/java,HISPANIC_CREATORS,5,casual_creator_or_insufficient_competitive_evidence,medium_low,https://www.3djuegos.com/streamers/noticias/todos-participantes-fecha-squid-craft-games-4-competicion-rubius-auronplay-komanche-se-despide-a-grande,Squid Craft Games 4 roster,https://www.3djuegos.com/streamers/noticias/todos-participantes-fecha-squid-craft-games-4-competicion-rubius-auronplay-komanche-se-despide-a-grande,True,Mictia,True,medium,True,4,strict_competitive_v3,casual_creator_or_unverified_competitive_skill,Creator/event participation alone is not treated as competitive skill evidence.,
mirandaibanez,MirandaIbañez,,unresolved_invalid_java_name_syntax,,,minecraft_profile_lookup,,HISPANIC_CREATORS,5,casual_creator_or_insufficient_competitive_evidence,medium_low,https://es.wikipedia.org/wiki/Squid_Craft_Games_2,Squid Craft Games 2 roster,https://es.wikipedia.org/wiki/Squid_Craft_Games_2,True,MirandaIbañez,False,low,True,4,strict_competitive_v3,casual_creator_or_unverified_competitive_skill,Creator/event participation alone is not treated as competitive skill evidence.,
mirreytv,MirreyTV,MirreyTV,event_handle_needs_profile_check,,,minecraft_profile_lookup,https://mc-api.io/profile/MirreyTV/java,HISPANIC_CREATORS,5,casual_creator_or_insufficient_competitive_evidence,medium_low,https://www.3djuegos.com/streamers/noticias/todos-participantes-fecha-squid-craft-games-4-competicion-rubius-auronplay-komanche-se-despide-a-grande,Squid Craft Games 4 roster,https://www.3djuegos.com/streamers/noticias/todos-participantes-fecha-squid-craft-games-4-competicion-rubius-auronplay-komanche-se-despide-a-grande,True,MirreyTV,True,medium,True,4,strict_competitive_v3,casual_creator_or_unverified_competitive_skill,Creator/event participation alone is not treated as competitive skill evidence.,
missasinfonia,MissaSinfonia,MissaSinfonia,event_handle_needs_profile_check,,,minecraft_profile_lookup,https://mc-api.io/profile/MissaSinfonia/java,HISPANIC_CREATORS,5,casual_creator_or_insufficient_competitive_evidence,medium_low,https://es.wikipedia.org/wiki/Squid_Craft_Games_2,Squid Craft Games 2 roster,https://es.wikipedia.org/wiki/Squid_Craft_Games_2,True,MissaSinfonia,True,medium,True,4,strict_competitive_v3,casual_creator_or_unverified_competitive_skill,Creator/event participation alone is not treated as competitive skill evidence.,
mizterfilip,Mizterfilip,Mizterfilip,event_handle_needs_profile_check,,,minecraft_profile_lookup,https://mc-api.io/profile/Mizterfilip/java,HISPANIC_CREATORS,5,casual_creator_or_insufficient_competitive_evidence,medium_low,https://es.wikipedia.org/wiki/Squid_Craft_Games_2,Squid Craft Games 2 roster,https://es.wikipedia.org/wiki/Squid_Craft_Games_2,True,Mizterfilip,True,medium,True,4,strict_competitive_v3,casual_creator_or_unverified_competitive_skill,Creator/event participation alone is not treated as competitive skill evidence.,
momo,Momo,Momo,known_creator_handle_needs_profile_check,,,minecraft_profile_lookup,https://mc-api.io/profile/Momo/java,HISPANIC_CREATORS,5,casual_creator_or_insufficient_competitive_evidence,medium_low,https://es.wikipedia.org/wiki/Karmaland,Historical Hispanic Minecraft creator curation,https://es.wikipedia.org/wiki/Karmaland,True,Momo,True,medium_low,True,4,strict_competitive_v3,casual_creator_or_unverified_competitive_skill,Creator/event participation alone is not treated as competitive skill evidence.,
momonkunn,Momonkunn,Momonkunn,event_handle_needs_profile_check,,,minecraft_profile_lookup,https://mc-api.io/profile/Momonkunn/java,HISPANIC_CREATORS,5,casual_creator_or_insufficient_competitive_evidence,medium_low,https://www.3djuegos.com/streamers/noticias/todos-participantes-fecha-squid-craft-games-4-competicion-rubius-auronplay-komanche-se-despide-a-grande,Squid Craft Games 4 roster,https://www.3djuegos.com/streamers/noticias/todos-participantes-fecha-squid-craft-games-4-competicion-rubius-auronplay-komanche-se-despide-a-grande,True,Momonkunn,True,medium,True,4,strict_competitive_v3,casual_creator_or_unverified_competitive_skill,Creator/event participation alone is not treated as competitive skill evidence.,
montoyatr,Montoyatr,Montoyatr,event_handle_needs_profile_check,,,minecraft_profile_lookup,https://mc-api.io/profile/Montoyatr/java,HISPANIC_CREATORS,5,casual_creator_or_insufficient_competitive_evidence,medium_low,https://areajugones.sport.es/videojuegos/squid-craft-games-3-fecha-de-estreno-participantes-y-todas-las-novedades-del-evento/,Squid Craft Games 3 roster,https://areajugones.sport.es/videojuegos/squid-craft-games-3-fecha-de-estreno-participantes-y-todas-las-novedades-del-evento/,True,Montoyatr,True,medium,True,4,strict_competitive_v3,casual_creator_or_unverified_competitive_skill,Creator/event participation alone is not treated as competitive skill evidence.,
moxwdf,Moxwdf,Moxwdf,event_handle_needs_profile_check,,,minecraft_profile_lookup,https://mc-api.io/profile/Moxwdf/java,HISPANIC_CREATORS,5,casual_creator_or_insufficient_competitive_evidence,medium_low,https://es.wikipedia.org/wiki/Squid_Craft_Games_2,Squid Craft Games 2 roster,https://es.wikipedia.org/wiki/Squid_Craft_Games_2,True,Moxwdf,True,medium,True,4,strict_competitive_v3,casual_creator_or_unverified_competitive_skill,Creator/event participation alone is not treated as competitive skill evidence.,
mrcalamarc,MrCalamarc,MrCalamarc,event_handle_needs_profile_check,,,minecraft_profile_lookup,https://mc-api.io/profile/MrCalamarc/java,HISPANIC_CREATORS,5,casual_creator_or_insufficient_competitive_evidence,medium_low,https://areajugones.sport.es/videojuegos/squid-craft-games-3-fecha-de-estreno-participantes-y-todas-las-novedades-del-evento/,Squid Craft Games 3 roster,https://areajugones.sport.es/videojuegos/squid-craft-games-3-fecha-de-estreno-participantes-y-todas-las-novedades-del-evento/,True,MrCalamarc,True,medium,True,4,strict_competitive_v3,casual_creator_or_unverified_competitive_skill,Creator/event participation alone is not treated as competitive skill evidence.,
mrferruzca,MrFerruzca,MrFerruzca,event_handle_needs_profile_check,,,minecraft_profile_lookup,https://mc-api.io/profile/MrFerruzca/java,HISPANIC_CREATORS,5,casual_creator_or_insufficient_competitive_evidence,medium_low,https://www.3djuegos.com/streamers/noticias/todos-participantes-fecha-squid-craft-games-4-competicion-rubius-auronplay-komanche-se-despide-a-grande,Squid Craft Games 4 roster,https://www.3djuegos.com/streamers/noticias/todos-participantes-fecha-squid-craft-games-4-competicion-rubius-auronplay-komanche-se-despide-a-grande,True,MrFerruzca,True,medium,True,4,strict_competitive_v3,casual_creator_or_unverified_competitive_skill,Creator/event participation alone is not treated as competitive skill evidence.,
mrkeroro,MrKeroro,MrKeroro,event_handle_needs_profile_check,,,minecraft_profile_lookup,https://mc-api.io/profile/MrKeroro/java,HISPANIC_CREATORS,5,casual_creator_or_insufficient_competitive_evidence,medium_low,https://es.wikipedia.org/wiki/Squid_Craft_Games_2,Squid Craft Games 2 roster,https://es.wikipedia.org/wiki/Squid_Craft_Games_2,True,MrKeroro,True,medium,True,4,strict_competitive_v3,casual_creator_or_unverified_competitive_skill,Creator/event participation alone is not treated as competitive skill evidence.,
mrphilip,MrPhilip,MrPhilip,event_handle_needs_profile_check,,,minecraft_profile_lookup,https://mc-api.io/profile/MrPhilip/java,HISPANIC_CREATORS,5,casual_creator_or_insufficient_competitive_evidence,medium_low,https://areajugones.sport.es/videojuegos/squid-craft-games-3-fecha-de-estreno-participantes-y-todas-las-novedades-del-evento/,Squid Craft Games 3 roster,https://areajugones.sport.es/videojuegos/squid-craft-games-3-fecha-de-estreno-participantes-y-todas-las-novedades-del-evento/,True,MrPhilip,True,medium,True,4,strict_competitive_v3,casual_creator_or_unverified_competitive_skill,Creator/event participation alone is not treated as competitive skill evidence.,
natalan,Natalan,Natalan,event_handle_needs_profile_check,,,minecraft_profile_lookup,https://mc-api.io/profile/Natalan/java,HISPANIC_CREATORS,5,casual_creator_or_insufficient_competitive_evidence,medium_low,https://es.wikipedia.org/wiki/Squid_Craft_Games_2,Squid Craft Games 2 roster,https://es.wikipedia.org/wiki/Squid_Craft_Games_2,True,Natalan,True,medium,True,4,strict_competitive_v3,casual_creator_or_unverified_competitive_skill,Creator/event participation alone is not treated as competitive skill evidence.,
nephtunie,Nephtunie,Nephtunie,event_handle_needs_profile_check,,,minecraft_profile_lookup,https://mc-api.io/profile/Nephtunie/java,HISPANIC_CREATORS,5,casual_creator_or_insufficient_competitive_evidence,medium_low,https://es.wikipedia.org/wiki/Squid_Craft_Games_2,Squid Craft Games 2 roster,https://es.wikipedia.org/wiki/Squid_Craft_Games_2,True,Nephtunie,True,medium,True,4,strict_competitive_v3,casual_creator_or_unverified_competitive_skill,Creator/event participation alone is not treated as competitive skill evidence.,
nexxuz,Nexxuz,Nexxuz,event_handle_needs_profile_check,,,minecraft_profile_lookup,https://mc-api.io/profile/Nexxuz/java,HISPANIC_CREATORS,5,casual_creator_or_insufficient_competitive_evidence,medium_low,https://areajugones.sport.es/videojuegos/squid-craft-games-3-fecha-de-estreno-participantes-y-todas-las-novedades-del-evento/,Squid Craft Games 3 roster,https://areajugones.sport.es/videojuegos/squid-craft-games-3-fecha-de-estreno-participantes-y-todas-las-novedades-del-evento/,True,Nexxuz,True,medium,True,4,strict_competitive_v3,casual_creator_or_unverified_competitive_skill,Creator/event participation alone is not treated as competitive skill evidence.,
nezumivy,Nezumivy,Nezumivy,event_handle_needs_profile_check,,,minecraft_profile_lookup,https://mc-api.io/profile/Nezumivy/java,HISPANIC_CREATORS,5,casual_creator_or_insufficient_competitive_evidence,medium_low,https://www.3djuegos.com/streamers/noticias/todos-participantes-fecha-squid-craft-games-4-competicion-rubius-auronplay-komanche-se-despide-a-grande,Squid Craft Games 4 roster,https://www.3djuegos.com/streamers/noticias/todos-participantes-fecha-squid-craft-games-4-competicion-rubius-auronplay-komanche-se-despide-a-grande,True,Nezumivy,True,medium,True,4,strict_competitive_v3,casual_creator_or_unverified_competitive_skill,Creator/event participation alone is not treated as competitive skill evidence.,
nilojeda,nilojeda,nilojeda,event_handle_needs_profile_check,,,minecraft_profile_lookup,https://mc-api.io/profile/nilojeda/java,HISPANIC_CREATORS,5,casual_creator_or_insufficient_competitive_evidence,medium_low,https://es.wikipedia.org/wiki/Squid_Craft_Games_2,Squid Craft Games 2 roster,https://es.wikipedia.org/wiki/Squid_Craft_Games_2,True,nilojeda,True,medium,True,5,strict_competitive_v3,casual_creator_or_unverified_competitive_skill,Creator/event participation alone is not treated as competitive skill evidence.,
nimuvt,NimuVT,NimuVT,event_handle_needs_profile_check,,,minecraft_profile_lookup,https://mc-api.io/profile/NimuVT/java,HISPANIC_CREATORS,5,casual_creator_or_insufficient_competitive_evidence,medium_low,https://es.wikipedia.org/wiki/Squid_Craft_Games_2,Squid Craft Games 2 roster,https://es.wikipedia.org/wiki/Squid_Craft_Games_2,True,NimuVT,True,medium,True,4,strict_competitive_v3,casual_creator_or_unverified_competitive_skill,Creator/event participation alone is not treated as competitive skill evidence.,
nissaxter,Nissaxter,Nissaxter,event_handle_needs_profile_check,,,minecraft_profile_lookup,https://mc-api.io/profile/Nissaxter/java,HISPANIC_CREATORS,5,casual_creator_or_insufficient_competitive_evidence,medium_low,https://es.wikipedia.org/wiki/Squid_Craft_Games_2,Squid Craft Games 2 roster,https://es.wikipedia.org/wiki/Squid_Craft_Games_2,True,Nissaxter,True,medium,True,4,strict_competitive_v3,casual_creator_or_unverified_competitive_skill,Creator/event participation alone is not treated as competitive skill evidence.,
noe9977,Noe9977,Noe9977,event_handle_needs_profile_check,,,minecraft_profile_lookup,https://mc-api.io/profile/Noe9977/java,HISPANIC_CREATORS,5,casual_creator_or_insufficient_competitive_evidence,medium_low,https://es.wikipedia.org/wiki/Squid_Craft_Games_2,Squid Craft Games 2 roster,https://es.wikipedia.org/wiki/Squid_Craft_Games_2,True,Noe9977,True,medium,True,4,strict_competitive_v3,casual_creator_or_unverified_competitive_skill,Creator/event participation alone is not treated as competitive skill evidence.,
noni,Noni,Noni,event_handle_needs_profile_check,,,minecraft_profile_lookup,https://mc-api.io/profile/Noni/java,HISPANIC_CREATORS,5,casual_creator_or_insufficient_competitive_evidence,medium_low,https://es.wikipedia.org/wiki/Squid_Craft_Games_2,Squid Craft Games 2 roster,https://es.wikipedia.org/wiki/Squid_Craft_Games_2,True,Noni,True,medium,True,4,strict_competitive_v3,casual_creator_or_unverified_competitive_skill,Creator/event participation alone is not treated as competitive skill evidence.,
nuvia,Nuvia,Nuvia,event_handle_needs_profile_check,,,minecraft_profile_lookup,https://mc-api.io/profile/Nuvia/java,HISPANIC_CREATORS,5,casual_creator_or_insufficient_competitive_evidence,medium_low,https://es.wikipedia.org/wiki/Squid_Craft_Games_2,Squid Craft Games 2 roster,https://es.wikipedia.org/wiki/Squid_Craft_Games_2,True,Nuvia,True,medium,True,4,strict_competitive_v3,casual_creator_or_unverified_competitive_skill,Creator/event participation alone is not treated as competitive skill evidence.,
obsession,Obsession,Obsession,event_handle_needs_profile_check,,,minecraft_profile_lookup,https://mc-api.io/profile/Obsession/java,HISPANIC_CREATORS,5,casual_creator_or_insufficient_competitive_evidence,medium_low,https://www.3djuegos.com/streamers/noticias/todos-participantes-fecha-squid-craft-games-4-competicion-rubius-auronplay-komanche-se-despide-a-grande,Squid Craft Games 4 roster,https://www.3djuegos.com/streamers/noticias/todos-participantes-fecha-squid-craft-games-4-competicion-rubius-auronplay-komanche-se-despide-a-grande,True,Obsession,True,medium,True,4,strict_competitive_v3,casual_creator_or_unverified_competitive_skill,Creator/event participation alone is not treated as competitive skill evidence.,
oddrookie,OddRookie,OddRookie,event_handle_needs_profile_check,,,minecraft_profile_lookup,https://mc-api.io/profile/OddRookie/java,HISPANIC_CREATORS,5,casual_creator_or_insufficient_competitive_evidence,medium_low,https://movistaresports.com/streamers-participaran-minecraft-extremo-3/,Minecraft Extremo 3 roster,https://movistaresports.com/streamers-participaran-minecraft-extremo-3/,True,OddRookie,True,medium,True,4,strict_competitive_v3,casual_creator_or_unverified_competitive_skill,Creator/event participation alone is not treated as competitive skill evidence.,
orslok,Orslok,Orslok,event_handle_needs_profile_check,,,minecraft_profile_lookup,https://mc-api.io/profile/Orslok/java,HISPANIC_CREATORS,5,casual_creator_or_insufficient_competitive_evidence,medium_low,https://www.3djuegos.com/streamers/noticias/todos-participantes-fecha-squid-craft-games-4-competicion-rubius-auronplay-komanche-se-despide-a-grande,Squid Craft Games 4 roster,https://www.3djuegos.com/streamers/noticias/todos-participantes-fecha-squid-craft-games-4-competicion-rubius-auronplay-komanche-se-despide-a-grande,True,Orslok,True,medium,True,4,strict_competitive_v3,casual_creator_or_unverified_competitive_skill,Creator/event participation alone is not treated as competitive skill evidence.,
oscu,Oscu,Oscu,event_handle_needs_profile_check,,,minecraft_profile_lookup,https://mc-api.io/profile/Oscu/java,HISPANIC_CREATORS,5,casual_creator_or_insufficient_competitive_evidence,medium_low,https://www.3djuegos.com/streamers/noticias/todos-participantes-fecha-squid-craft-games-4-competicion-rubius-auronplay-komanche-se-despide-a-grande,Squid Craft Games 4 roster,https://www.3djuegos.com/streamers/noticias/todos-participantes-fecha-squid-craft-games-4-competicion-rubius-auronplay-komanche-se-despide-a-grande,True,Oscu,True,medium,True,4,strict_competitive_v3,casual_creator_or_unverified_competitive_skill,Creator/event participation alone is not treated as competitive skill evidence.,
paache,Paache,Paache,event_handle_needs_profile_check,,,minecraft_profile_lookup,https://mc-api.io/profile/Paache/java,HISPANIC_CREATORS,5,casual_creator_or_insufficient_competitive_evidence,medium_low,https://movistaresports.com/streamers-participaran-minecraft-extremo-3/,Minecraft Extremo 3 roster,https://movistaresports.com/streamers-participaran-minecraft-extremo-3/,True,Paache,True,medium,True,4,strict_competitive_v3,casual_creator_or_unverified_competitive_skill,Creator/event participation alone is not treated as competitive skill evidence.,
pabloleal,PabloLeal,PabloLeal,event_handle_needs_profile_check,,,minecraft_profile_lookup,https://mc-api.io/profile/PabloLeal/java,HISPANIC_CREATORS,5,casual_creator_or_insufficient_competitive_evidence,medium_low,https://movistaresports.com/streamers-participaran-minecraft-extremo-3/,Minecraft Extremo 3 roster,https://movistaresports.com/streamers-participaran-minecraft-extremo-3/,True,PabloLeal,True,medium,True,4,strict_competitive_v3,casual_creator_or_unverified_competitive_skill,Creator/event participation alone is not treated as competitive skill evidence.,
panpots,Panpots,Panpots,event_handle_needs_profile_check,,,minecraft_profile_lookup,https://mc-api.io/profile/Panpots/java,HISPANIC_CREATORS,5,casual_creator_or_insufficient_competitive_evidence,medium_low,https://areajugones.sport.es/videojuegos/squid-craft-games-3-fecha-de-estreno-participantes-y-todas-las-novedades-del-evento/,Squid Craft Games 3 roster,https://areajugones.sport.es/videojuegos/squid-craft-games-3-fecha-de-estreno-participantes-y-todas-las-novedades-del-evento/,True,Panpots,True,medium,True,4,strict_competitive_v3,casual_creator_or_unverified_competitive_skill,Creator/event participation alone is not treated as competitive skill evidence.,
paracetamor,Paracetamor,Paracetamor,event_handle_needs_profile_check,,,minecraft_profile_lookup,https://mc-api.io/profile/Paracetamor/java,HISPANIC_CREATORS,5,casual_creator_or_insufficient_competitive_evidence,medium_low,https://es.wikipedia.org/wiki/Squid_Craft_Games_2,Squid Craft Games 2 roster,https://es.wikipedia.org/wiki/Squid_Craft_Games_2,True,Paracetamor,True,medium,True,4,strict_competitive_v3,casual_creator_or_unverified_competitive_skill,Creator/event participation alone is not treated as competitive skill evidence.,
patty_meza,Patty Meza,PattyMeza,event_handle_needs_profile_check,,,minecraft_profile_lookup,https://mc-api.io/profile/PattyMeza/java,HISPANIC_CREATORS,5,casual_creator_or_insufficient_competitive_evidence,medium_low,https://www.3djuegos.com/streamers/noticias/todos-participantes-fecha-squid-craft-games-4-competicion-rubius-auronplay-komanche-se-despide-a-grande,Squid Craft Games 4 roster,https://www.3djuegos.com/streamers/noticias/todos-participantes-fecha-squid-craft-games-4-competicion-rubius-auronplay-komanche-se-despide-a-grande,True,PattyMeza,True,medium,True,5,strict_competitive_v3,casual_creator_or_unverified_competitive_skill,Creator/event participation alone is not treated as competitive skill evidence.,
paulettee,Paulettee,Paulettee,event_handle_needs_profile_check,,,minecraft_profile_lookup,https://mc-api.io/profile/Paulettee/java,HISPANIC_CREATORS,5,casual_creator_or_insufficient_competitive_evidence,medium_low,https://es.wikipedia.org/wiki/Squid_Craft_Games_2,Squid Craft Games 2 roster,https://es.wikipedia.org/wiki/Squid_Craft_Games_2,True,Paulettee,True,medium,True,4,strict_competitive_v3,casual_creator_or_unverified_competitive_skill,Creator/event participation alone is not treated as competitive skill evidence.,
peereira,Peereira,Peereira,event_handle_needs_profile_check,,,minecraft_profile_lookup,https://mc-api.io/profile/Peereira/java,HISPANIC_CREATORS,5,casual_creator_or_insufficient_competitive_evidence,medium_low,https://www.3djuegos.com/streamers/noticias/todos-participantes-fecha-squid-craft-games-4-competicion-rubius-auronplay-komanche-se-despide-a-grande,Squid Craft Games 4 roster,https://www.3djuegos.com/streamers/noticias/todos-participantes-fecha-squid-craft-games-4-competicion-rubius-auronplay-komanche-se-despide-a-grande,True,Peereira,True,medium,True,4,strict_competitive_v3,casual_creator_or_unverified_competitive_skill,Creator/event participation alone is not treated as competitive skill evidence.,
pelicanger,Pelicanger,Pelicanger,event_handle_needs_profile_check,,,minecraft_profile_lookup,https://mc-api.io/profile/Pelicanger/java,HISPANIC_CREATORS,5,casual_creator_or_insufficient_competitive_evidence,medium_low,https://www.3djuegos.com/streamers/noticias/todos-participantes-fecha-squid-craft-games-4-competicion-rubius-auronplay-komanche-se-despide-a-grande,Squid Craft Games 4 roster,https://www.3djuegos.com/streamers/noticias/todos-participantes-fecha-squid-craft-games-4-competicion-rubius-auronplay-komanche-se-despide-a-grande,True,Pelicanger,True,medium,True,4,strict_competitive_v3,casual_creator_or_unverified_competitive_skill,Creator/event participation alone is not treated as competitive skill evidence.,
perxitaa,Perxitaa,Perxitaa,event_handle_needs_profile_check,,,minecraft_profile_lookup,https://mc-api.io/profile/Perxitaa/java,HISPANIC_CREATORS,5,casual_creator_or_insufficient_competitive_evidence,medium_low,https://es.wikipedia.org/wiki/Squid_Craft_Games_2,Squid Craft Games 2 roster,https://es.wikipedia.org/wiki/Squid_Craft_Games_2,True,Perxitaa,True,medium,True,4,strict_competitive_v3,casual_creator_or_unverified_competitive_skill,Creator/event participation alone is not treated as competitive skill evidence.,
pipepunk,Pipepunk,Pipepunk,event_handle_needs_profile_check,,,minecraft_profile_lookup,https://mc-api.io/profile/Pipepunk/java,HISPANIC_CREATORS,5,casual_creator_or_insufficient_competitive_evidence,medium_low,https://es.wikipedia.org/wiki/Squid_Craft_Games_2,Squid Craft Games 2 roster,https://es.wikipedia.org/wiki/Squid_Craft_Games_2,True,Pipepunk,True,medium,True,4,strict_competitive_v3,casual_creator_or_unverified_competitive_skill,Creator/event participation alone is not treated as competitive skill evidence.,
piratustic,Piratustic,Piratustic,event_handle_needs_profile_check,,,minecraft_profile_lookup,https://mc-api.io/profile/Piratustic/java,HISPANIC_CREATORS,5,casual_creator_or_insufficient_competitive_evidence,medium_low,https://areajugones.sport.es/videojuegos/squid-craft-games-3-fecha-de-estreno-participantes-y-todas-las-novedades-del-evento/,Squid Craft Games 3 roster,https://areajugones.sport.es/videojuegos/squid-craft-games-3-fecha-de-estreno-participantes-y-todas-las-novedades-del-evento/,True,Piratustic,True,medium,True,4,strict_competitive_v3,casual_creator_or_unverified_competitive_skill,Creator/event participation alone is not treated as competitive skill evidence.,
polispol,Polispol,Polispol,event_handle_needs_profile_check,,,minecraft_profile_lookup,https://mc-api.io/profile/Polispol/java,HISPANIC_CREATORS,5,casual_creator_or_insufficient_competitive_evidence,medium_low,https://movistaresports.com/streamers-participaran-minecraft-extremo-3/,Minecraft Extremo 3 roster,https://movistaresports.com/streamers-participaran-minecraft-extremo-3/,True,Polispol,True,medium,True,4,strict_competitive_v3,casual_creator_or_unverified_competitive_skill,Creator/event participation alone is not treated as competitive skill evidence.,
pollito_senpai,pollito_senpai,pollito_senpai,event_handle_needs_profile_check,,,minecraft_profile_lookup,https://mc-api.io/profile/pollito_senpai/java,HISPANIC_CREATORS,5,casual_creator_or_insufficient_competitive_evidence,medium_low,https://es.wikipedia.org/wiki/Squid_Craft_Games_2,Squid Craft Games 2 roster,https://es.wikipedia.org/wiki/Squid_Craft_Games_2,True,pollito_senpai,True,medium,True,4,strict_competitive_v3,casual_creator_or_unverified_competitive_skill,Creator/event participation alone is not treated as competitive skill evidence.,
puji2,Puji2,Puji2,event_handle_needs_profile_check,,,minecraft_profile_lookup,https://mc-api.io/profile/Puji2/java,HISPANIC_CREATORS,5,casual_creator_or_insufficient_competitive_evidence,medium_low,https://www.3djuegos.com/streamers/noticias/todos-participantes-fecha-squid-craft-games-4-competicion-rubius-auronplay-komanche-se-despide-a-grande,Squid Craft Games 4 roster,https://www.3djuegos.com/streamers/noticias/todos-participantes-fecha-squid-craft-games-4-competicion-rubius-auronplay-komanche-se-despide-a-grande,True,Puji2,True,medium,True,4,strict_competitive_v3,casual_creator_or_unverified_competitive_skill,Creator/event participation alone is not treated as competitive skill evidence.,
pujidos,Pujidos,Pujidos,event_handle_needs_profile_check,,,minecraft_profile_lookup,https://mc-api.io/profile/Pujidos/java,HISPANIC_CREATORS,5,casual_creator_or_insufficient_competitive_evidence,medium_low,https://es.wikipedia.org/wiki/Squid_Craft_Games_2,Squid Craft Games 2 roster,https://es.wikipedia.org/wiki/Squid_Craft_Games_2,True,Pujidos,True,medium,True,4,strict_competitive_v3,casual_creator_or_unverified_competitive_skill,Creator/event participation alone is not treated as competitive skill evidence.,
rainelissss,rainelissss,rainelissss,event_handle_needs_profile_check,,,minecraft_profile_lookup,https://mc-api.io/profile/rainelissss/java,HISPANIC_CREATORS,5,casual_creator_or_insufficient_competitive_evidence,medium_low,https://areajugones.sport.es/videojuegos/squid-craft-games-3-fecha-de-estreno-participantes-y-todas-las-novedades-del-evento/,Squid Craft Games 3 roster,https://areajugones.sport.es/videojuegos/squid-craft-games-3-fecha-de-estreno-participantes-y-todas-las-novedades-del-evento/,True,rainelissss,True,medium,True,4,strict_competitive_v3,casual_creator_or_unverified_competitive_skill,Creator/event participation alone is not treated as competitive skill evidence.,
raptorgamer,RaptorGamer,RaptorGamer,event_handle_needs_profile_check,,,minecraft_profile_lookup,https://mc-api.io/profile/RaptorGamer/java,HISPANIC_CREATORS,5,casual_creator_or_insufficient_competitive_evidence,medium_low,https://www.3djuegos.com/streamers/noticias/todos-participantes-fecha-squid-craft-games-4-competicion-rubius-auronplay-komanche-se-despide-a-grande,Squid Craft Games 4 roster,https://www.3djuegos.com/streamers/noticias/todos-participantes-fecha-squid-craft-games-4-competicion-rubius-auronplay-komanche-se-despide-a-grande,True,RaptorGamer,True,medium,True,4,strict_competitive_v3,casual_creator_or_unverified_competitive_skill,Creator/event participation alone is not treated as competitive skill evidence.,
rawita,Rawita,Rawita,event_handle_needs_profile_check,,,minecraft_profile_lookup,https://mc-api.io/profile/Rawita/java,HISPANIC_CREATORS,5,casual_creator_or_insufficient_competitive_evidence,medium_low,https://movistaresports.com/streamers-participaran-minecraft-extremo-3/,Minecraft Extremo 3 roster,https://movistaresports.com/streamers-participaran-minecraft-extremo-3/,True,Rawita,True,medium,True,4,strict_competitive_v3,casual_creator_or_unverified_competitive_skill,Creator/event participation alone is not treated as competitive skill evidence.,
reborn,Reborn,Reborn,event_handle_needs_profile_check,,,minecraft_profile_lookup,https://mc-api.io/profile/Reborn/java,HISPANIC_CREATORS,5,casual_creator_or_insufficient_competitive_evidence,medium_low,https://es.wikipedia.org/wiki/Squid_Craft_Games_2,Squid Craft Games 2 roster,https://es.wikipedia.org/wiki/Squid_Craft_Games_2,True,Reborn,True,medium,True,4,strict_competitive_v3,casual_creator_or_unverified_competitive_skill,Creator/event participation alone is not treated as competitive skill evidence.,
renegul,Renegul,Renegul,event_handle_needs_profile_check,,,minecraft_profile_lookup,https://mc-api.io/profile/Renegul/java,HISPANIC_CREATORS,5,casual_creator_or_insufficient_competitive_evidence,medium_low,https://areajugones.sport.es/videojuegos/squid-craft-games-3-fecha-de-estreno-participantes-y-todas-las-novedades-del-evento/,Squid Craft Games 3 roster,https://areajugones.sport.es/videojuegos/squid-craft-games-3-fecha-de-estreno-participantes-y-todas-las-novedades-del-evento/,True,Renegul,True,medium,True,4,strict_competitive_v3,casual_creator_or_unverified_competitive_skill,Creator/event participation alone is not treated as competitive skill evidence.,
renrize,Renrize,Renrize,event_handle_needs_profile_check,,,minecraft_profile_lookup,https://mc-api.io/profile/Renrize/java,HISPANIC_CREATORS,5,casual_creator_or_insufficient_competitive_evidence,medium_low,https://es.wikipedia.org/wiki/Squid_Craft_Games_2,Squid Craft Games 2 roster,https://es.wikipedia.org/wiki/Squid_Craft_Games_2,True,Renrize,True,medium,True,4,strict_competitive_v3,casual_creator_or_unverified_competitive_skill,Creator/event participation alone is not treated as competitive skill evidence.,
reventxz,Reventxz,Reventxz,event_handle_needs_profile_check,,,minecraft_profile_lookup,https://mc-api.io/profile/Reventxz/java,HISPANIC_CREATORS,5,casual_creator_or_insufficient_competitive_evidence,medium_low,https://es.wikipedia.org/wiki/Squid_Craft_Games_2,Squid Craft Games 2 roster,https://es.wikipedia.org/wiki/Squid_Craft_Games_2,True,Reventxz,True,medium,True,4,strict_competitive_v3,casual_creator_or_unverified_competitive_skill,Creator/event participation alone is not treated as competitive skill evidence.,
ricoy,Ricoy,Ricoy,event_handle_needs_profile_check,,,minecraft_profile_lookup,https://mc-api.io/profile/Ricoy/java,HISPANIC_CREATORS,5,casual_creator_or_insufficient_competitive_evidence,medium_low,https://es.wikipedia.org/wiki/Squid_Craft_Games_2,Squid Craft Games 2 roster,https://es.wikipedia.org/wiki/Squid_Craft_Games_2,True,Ricoy,True,medium,True,4,strict_competitive_v3,casual_creator_or_unverified_competitive_skill,Creator/event participation alone is not treated as competitive skill evidence.,
rioboo,Rioboo,Rioboo,event_handle_needs_profile_check,,,minecraft_profile_lookup,https://mc-api.io/profile/Rioboo/java,HISPANIC_CREATORS,5,casual_creator_or_insufficient_competitive_evidence,medium_low,https://es.wikipedia.org/wiki/Squid_Craft_Games_2,Squid Craft Games 2 roster,https://es.wikipedia.org/wiki/Squid_Craft_Games_2,True,Rioboo,True,medium,True,4,strict_competitive_v3,casual_creator_or_unverified_competitive_skill,Creator/event participation alone is not treated as competitive skill evidence.,
rivers_gg,Rivers_gg,Rivers_gg,event_handle_needs_profile_check,,,minecraft_profile_lookup,https://mc-api.io/profile/Rivers_gg/java,HISPANIC_CREATORS,5,casual_creator_or_insufficient_competitive_evidence,medium_low,https://es.wikipedia.org/wiki/Squid_Craft_Games_2,Squid Craft Games 2 roster,https://es.wikipedia.org/wiki/Squid_Craft_Games_2,True,Rivers_gg,True,medium,True,3,strict_competitive_v3,casual_creator_or_unverified_competitive_skill,Creator/event participation alone is not treated as competitive skill evidence.,
robertocein,RobertoCein,RobertoCein,event_handle_needs_profile_check,,,minecraft_profile_lookup,https://mc-api.io/profile/RobertoCein/java,HISPANIC_CREATORS,5,casual_creator_or_insufficient_competitive_evidence,medium_low,https://es.wikipedia.org/wiki/Squid_Craft_Games_2,Squid Craft Games 2 roster,https://es.wikipedia.org/wiki/Squid_Craft_Games_2,True,RobertoCein,True,medium,True,4,strict_competitive_v3,casual_creator_or_unverified_competitive_skill,Creator/event participation alone is not treated as competitive skill evidence.,
robleis,Robleis,Robleis,event_handle_needs_profile_check,,,minecraft_profile_lookup,https://mc-api.io/profile/Robleis/java,HISPANIC_CREATORS,5,casual_creator_or_insufficient_competitive_evidence,medium_low,https://es.wikipedia.org/wiki/Squid_Craft_Games_2,Squid Craft Games 2 roster,https://es.wikipedia.org/wiki/Squid_Craft_Games_2,True,Robleis,True,medium,True,4,strict_competitive_v3,casual_creator_or_unverified_competitive_skill,Creator/event participation alone is not treated as competitive skill evidence.,
rociodta,RocioDTA,RocioDTA,event_handle_needs_profile_check,,,minecraft_profile_lookup,https://mc-api.io/profile/RocioDTA/java,HISPANIC_CREATORS,5,casual_creator_or_insufficient_competitive_evidence,medium_low,https://es.wikipedia.org/wiki/Squid_Craft_Games_2,Squid Craft Games 2 roster,https://es.wikipedia.org/wiki/Squid_Craft_Games_2,True,RocioDTA,True,medium,True,4,strict_competitive_v3,casual_creator_or_unverified_competitive_skill,Creator/event participation alone is not treated as competitive skill evidence.,
rodenasink,Rodenasink,Rodenasink,event_handle_needs_profile_check,,,minecraft_profile_lookup,https://mc-api.io/profile/Rodenasink/java,HISPANIC_CREATORS,5,casual_creator_or_insufficient_competitive_evidence,medium_low,https://www.3djuegos.com/streamers/noticias/todos-participantes-fecha-squid-craft-games-4-competicion-rubius-auronplay-komanche-se-despide-a-grande,Squid Craft Games 4 roster,https://www.3djuegos.com/streamers/noticias/todos-participantes-fecha-squid-craft-games-4-competicion-rubius-auronplay-komanche-se-despide-a-grande,True,Rodenasink,True,medium,True,4,strict_competitive_v3,casual_creator_or_unverified_competitive_skill,Creator/event participation alone is not treated as competitive skill evidence.,
rodezel,Rodezel,Rodezel,event_handle_needs_profile_check,,,minecraft_profile_lookup,https://mc-api.io/profile/Rodezel/java,HISPANIC_CREATORS,5,casual_creator_or_insufficient_competitive_evidence,medium_low,https://es.wikipedia.org/wiki/Squid_Craft_Games_2,Squid Craft Games 2 roster,https://es.wikipedia.org/wiki/Squid_Craft_Games_2,True,Rodezel,True,medium,True,4,strict_competitive_v3,casual_creator_or_unverified_competitive_skill,Creator/event participation alone is not treated as competitive skill evidence.,
rubynavx,Rubynavx,Rubynavx,event_handle_needs_profile_check,,,minecraft_profile_lookup,https://mc-api.io/profile/Rubynavx/java,HISPANIC_CREATORS,5,casual_creator_or_insufficient_competitive_evidence,medium_low,https://areajugones.sport.es/videojuegos/squid-craft-games-3-fecha-de-estreno-participantes-y-todas-las-novedades-del-evento/,Squid Craft Games 3 roster,https://areajugones.sport.es/videojuegos/squid-craft-games-3-fecha-de-estreno-participantes-y-todas-las-novedades-del-evento/,True,Rubynavx,True,medium,True,4,strict_competitive_v3,casual_creator_or_unverified_competitive_skill,Creator/event participation alone is not treated as competitive skill evidence.,
samulx,Samulx,Samulx,event_handle_needs_profile_check,,,minecraft_profile_lookup,https://mc-api.io/profile/Samulx/java,HISPANIC_CREATORS,5,casual_creator_or_insufficient_competitive_evidence,medium_low,https://www.3djuegos.com/streamers/noticias/todos-participantes-fecha-squid-craft-games-4-competicion-rubius-auronplay-komanche-se-despide-a-grande,Squid Craft Games 4 roster,https://www.3djuegos.com/streamers/noticias/todos-participantes-fecha-squid-craft-games-4-competicion-rubius-auronplay-komanche-se-despide-a-grande,True,Samulx,True,medium,True,4,strict_competitive_v3,casual_creator_or_unverified_competitive_skill,Creator/event participation alone is not treated as competitive skill evidence.,
santutu,Santutu,Santutu,event_handle_needs_profile_check,,,minecraft_profile_lookup,https://mc-api.io/profile/Santutu/java,HISPANIC_CREATORS,5,casual_creator_or_insufficient_competitive_evidence,medium_low,https://www.3djuegos.com/streamers/noticias/todos-participantes-fecha-squid-craft-games-4-competicion-rubius-auronplay-komanche-se-despide-a-grande,Squid Craft Games 4 roster,https://www.3djuegos.com/streamers/noticias/todos-participantes-fecha-squid-craft-games-4-competicion-rubius-auronplay-komanche-se-despide-a-grande,True,Santutu,True,medium,True,4,strict_competitive_v3,casual_creator_or_unverified_competitive_skill,Creator/event participation alone is not treated as competitive skill evidence.,
sara_ismael,Sara Ismael,SaraIsmael,event_handle_needs_profile_check,,,minecraft_profile_lookup,https://mc-api.io/profile/SaraIsmael/java,HISPANIC_CREATORS,5,casual_creator_or_insufficient_competitive_evidence,medium_low,https://www.3djuegos.com/streamers/noticias/todos-participantes-fecha-squid-craft-games-4-competicion-rubius-auronplay-komanche-se-despide-a-grande,Squid Craft Games 4 roster,https://www.3djuegos.com/streamers/noticias/todos-participantes-fecha-squid-craft-games-4-competicion-rubius-auronplay-komanche-se-despide-a-grande,True,SaraIsmael,True,medium,True,4,strict_competitive_v3,casual_creator_or_unverified_competitive_skill,Creator/event participation alone is not treated as competitive skill evidence.,
sayguz,Sayguz,Sayguz,event_handle_needs_profile_check,,,minecraft_profile_lookup,https://mc-api.io/profile/Sayguz/java,HISPANIC_CREATORS,5,casual_creator_or_insufficient_competitive_evidence,medium_low,https://areajugones.sport.es/videojuegos/squid-craft-games-3-fecha-de-estreno-participantes-y-todas-las-novedades-del-evento/,Squid Craft Games 3 roster,https://areajugones.sport.es/videojuegos/squid-craft-games-3-fecha-de-estreno-participantes-y-todas-las-novedades-del-evento/,True,Sayguz,True,medium,True,4,strict_competitive_v3,casual_creator_or_unverified_competitive_skill,Creator/event participation alone is not treated as competitive skill evidence.,
sekiam,Sekiam,Sekiam,event_handle_needs_profile_check,,,minecraft_profile_lookup,https://mc-api.io/profile/Sekiam/java,HISPANIC_CREATORS,5,casual_creator_or_insufficient_competitive_evidence,medium_low,https://es.wikipedia.org/wiki/Squid_Craft_Games_2,Squid Craft Games 2 roster,https://es.wikipedia.org/wiki/Squid_Craft_Games_2,True,Sekiam,True,medium,True,4,strict_competitive_v3,casual_creator_or_unverified_competitive_skill,Creator/event participation alone is not treated as competitive skill evidence.,
sekox,Sekox,Sekox,event_handle_needs_profile_check,,,minecraft_profile_lookup,https://mc-api.io/profile/Sekox/java,HISPANIC_CREATORS,5,casual_creator_or_insufficient_competitive_evidence,medium_low,https://movistaresports.com/streamers-participaran-minecraft-extremo-3/,Minecraft Extremo 3 roster,https://movistaresports.com/streamers-participaran-minecraft-extremo-3/,True,Sekox,True,medium,True,4,strict_competitive_v3,casual_creator_or_unverified_competitive_skill,Creator/event participation alone is not treated as competitive skill evidence.,
sherezademr,SherezadeMR,SherezadeMR,event_handle_needs_profile_check,,,minecraft_profile_lookup,https://mc-api.io/profile/SherezadeMR/java,HISPANIC_CREATORS,5,casual_creator_or_insufficient_competitive_evidence,medium_low,https://es.wikipedia.org/wiki/Squid_Craft_Games_2,Squid Craft Games 2 roster,https://es.wikipedia.org/wiki/Squid_Craft_Games_2,True,SherezadeMR,True,medium,True,4,strict_competitive_v3,casual_creator_or_unverified_competitive_skill,Creator/event participation alone is not treated as competitive skill evidence.,
sirolopez,SiroLopez,SiroLopez,event_handle_needs_profile_check,,,minecraft_profile_lookup,https://mc-api.io/profile/SiroLopez/java,HISPANIC_CREATORS,5,casual_creator_or_insufficient_competitive_evidence,medium_low,https://es.wikipedia.org/wiki/Squid_Craft_Games_2,Squid Craft Games 2 roster,https://es.wikipedia.org/wiki/Squid_Craft_Games_2,True,SiroLopez,True,medium,True,4,strict_competitive_v3,casual_creator_or_unverified_competitive_skill,Creator/event participation alone is not treated as competitive skill evidence.,
skain,Skain,Skain,event_handle_needs_profile_check,,,minecraft_profile_lookup,https://mc-api.io/profile/Skain/java,HISPANIC_CREATORS,5,casual_creator_or_insufficient_competitive_evidence,medium_low,https://movistaresports.com/streamers-participaran-minecraft-extremo-3/,Minecraft Extremo 3 roster,https://movistaresports.com/streamers-participaran-minecraft-extremo-3/,True,Skain,True,medium,True,4,strict_competitive_v3,casual_creator_or_unverified_competitive_skill,Creator/event participation alone is not treated as competitive skill evidence.,
skainn,Skainn,Skainn,event_handle_needs_profile_check,,,minecraft_profile_lookup,https://mc-api.io/profile/Skainn/java,HISPANIC_CREATORS,5,casual_creator_or_insufficient_competitive_evidence,medium_low,https://www.3djuegos.com/streamers/noticias/todos-participantes-fecha-squid-craft-games-4-competicion-rubius-auronplay-komanche-se-despide-a-grande,Squid Craft Games 4 roster,https://www.3djuegos.com/streamers/noticias/todos-participantes-fecha-squid-craft-games-4-competicion-rubius-auronplay-komanche-se-despide-a-grande,True,Skainn,True,medium,True,4,strict_competitive_v3,casual_creator_or_unverified_competitive_skill,Creator/event participation alone is not treated as competitive skill evidence.,
soarinng,Soarinng,Soarinng,event_handle_needs_profile_check,,,minecraft_profile_lookup,https://mc-api.io/profile/Soarinng/java,HISPANIC_CREATORS,5,casual_creator_or_insufficient_competitive_evidence,medium_low,https://areajugones.sport.es/videojuegos/squid-craft-games-3-fecha-de-estreno-participantes-y-todas-las-novedades-del-evento/,Squid Craft Games 3 roster,https://areajugones.sport.es/videojuegos/squid-craft-games-3-fecha-de-estreno-participantes-y-todas-las-novedades-del-evento/,True,Soarinng,True,medium,True,4,strict_competitive_v3,casual_creator_or_unverified_competitive_skill,Creator/event participation alone is not treated as competitive skill evidence.,
sofiaanyway,SofiaAnyway,SofiaAnyway,event_handle_needs_profile_check,,,minecraft_profile_lookup,https://mc-api.io/profile/SofiaAnyway/java,HISPANIC_CREATORS,5,casual_creator_or_insufficient_competitive_evidence,medium_low,https://es.wikipedia.org/wiki/Squid_Craft_Games_2,Squid Craft Games 2 roster,https://es.wikipedia.org/wiki/Squid_Craft_Games_2,True,SofiaAnyway,True,medium,True,4,strict_competitive_v3,casual_creator_or_unverified_competitive_skill,Creator/event participation alone is not treated as competitive skill evidence.,
spursito,Spursito,Spursito,event_handle_needs_profile_check,,,minecraft_profile_lookup,https://mc-api.io/profile/Spursito/java,HISPANIC_CREATORS,5,casual_creator_or_insufficient_competitive_evidence,medium_low,https://es.wikipedia.org/wiki/Squid_Craft_Games_2,Squid Craft Games 2 roster,https://es.wikipedia.org/wiki/Squid_Craft_Games_2,True,Spursito,True,medium,True,4,strict_competitive_v3,casual_creator_or_unverified_competitive_skill,Creator/event participation alone is not treated as competitive skill evidence.,
srcheeto,SrCheeto,SrCheeto,event_handle_needs_profile_check,,,minecraft_profile_lookup,https://mc-api.io/profile/SrCheeto/java,HISPANIC_CREATORS,5,casual_creator_or_insufficient_competitive_evidence,medium_low,https://es.wikipedia.org/wiki/Squid_Craft_Games_2,Squid Craft Games 2 roster,https://es.wikipedia.org/wiki/Squid_Craft_Games_2,True,SrCheeto,True,medium,True,4,strict_competitive_v3,casual_creator_or_unverified_competitive_skill,Creator/event participation alone is not treated as competitive skill evidence.,
staryuuki,Staryuuki,Staryuuki,event_handle_needs_profile_check,,,minecraft_profile_lookup,https://mc-api.io/profile/Staryuuki/java,HISPANIC_CREATORS,5,casual_creator_or_insufficient_competitive_evidence,medium_low,https://es.wikipedia.org/wiki/Squid_Craft_Games_2,Squid Craft Games 2 roster,https://es.wikipedia.org/wiki/Squid_Craft_Games_2,True,Staryuuki,True,medium,True,4,strict_competitive_v3,casual_creator_or_unverified_competitive_skill,Creator/event participation alone is not treated as competitive skill evidence.,
stephaniemx,stephaniemx_,stephaniemx_,event_handle_needs_profile_check,,,minecraft_profile_lookup,https://mc-api.io/profile/stephaniemx_/java,HISPANIC_CREATORS,5,casual_creator_or_insufficient_competitive_evidence,medium_low,https://areajugones.sport.es/videojuegos/squid-craft-games-3-fecha-de-estreno-participantes-y-todas-las-novedades-del-evento/,Squid Craft Games 3 roster,https://areajugones.sport.es/videojuegos/squid-craft-games-3-fecha-de-estreno-participantes-y-todas-las-novedades-del-evento/,True,stephaniemx_,True,medium,True,4,strict_competitive_v3,casual_creator_or_unverified_competitive_skill,Creator/event participation alone is not treated as competitive skill evidence.,
sugussusana,SugusSusana,SugusSusana,event_handle_needs_profile_check,,,minecraft_profile_lookup,https://mc-api.io/profile/SugusSusana/java,HISPANIC_CREATORS,5,casual_creator_or_insufficient_competitive_evidence,medium_low,https://es.wikipedia.org/wiki/Squid_Craft_Games_2,Squid Craft Games 2 roster,https://es.wikipedia.org/wiki/Squid_Craft_Games_2,True,SugusSusana,True,medium,True,4,strict_competitive_v3,casual_creator_or_unverified_competitive_skill,Creator/event participation alone is not treated as competitive skill evidence.,
suzyroxx,Suzyroxx,Suzyroxx,event_handle_needs_profile_check,,,minecraft_profile_lookup,https://mc-api.io/profile/Suzyroxx/java,HISPANIC_CREATORS,5,casual_creator_or_insufficient_competitive_evidence,medium_low,https://es.wikipedia.org/wiki/Squid_Craft_Games_2,Squid Craft Games 2 roster,https://es.wikipedia.org/wiki/Squid_Craft_Games_2,True,Suzyroxx,True,medium,True,4,strict_competitive_v3,casual_creator_or_unverified_competitive_skill,Creator/event participation alone is not treated as competitive skill evidence.,
tagelis,Tagelis,Tagelis,event_handle_needs_profile_check,,,minecraft_profile_lookup,https://mc-api.io/profile/Tagelis/java,HISPANIC_CREATORS,5,casual_creator_or_insufficient_competitive_evidence,medium_low,https://www.3djuegos.com/streamers/noticias/todos-participantes-fecha-squid-craft-games-4-competicion-rubius-auronplay-komanche-se-despide-a-grande,Squid Craft Games 4 roster,https://www.3djuegos.com/streamers/noticias/todos-participantes-fecha-squid-craft-games-4-competicion-rubius-auronplay-komanche-se-despide-a-grande,True,Tagelis,True,medium,True,4,strict_competitive_v3,casual_creator_or_unverified_competitive_skill,Creator/event participation alone is not treated as competitive skill evidence.,
tanizen,Tanizen,Tanizen,event_handle_needs_profile_check,,,minecraft_profile_lookup,https://mc-api.io/profile/Tanizen/java,HISPANIC_CREATORS,5,casual_creator_or_insufficient_competitive_evidence,medium_low,https://es.wikipedia.org/wiki/Squid_Craft_Games_2,Squid Craft Games 2 roster,https://es.wikipedia.org/wiki/Squid_Craft_Games_2,True,Tanizen,True,medium,True,4,strict_competitive_v3,casual_creator_or_unverified_competitive_skill,Creator/event participation alone is not treated as competitive skill evidence.,
tartaja,Tartaja,Tartaja,event_handle_needs_profile_check,,,minecraft_profile_lookup,https://mc-api.io/profile/Tartaja/java,HISPANIC_CREATORS,5,casual_creator_or_insufficient_competitive_evidence,medium_low,https://www.3djuegos.com/streamers/noticias/todos-participantes-fecha-squid-craft-games-4-competicion-rubius-auronplay-komanche-se-despide-a-grande,Squid Craft Games 4 roster,https://www.3djuegos.com/streamers/noticias/todos-participantes-fecha-squid-craft-games-4-competicion-rubius-auronplay-komanche-se-despide-a-grande,True,Tartaja,True,medium,True,4,strict_competitive_v3,casual_creator_or_unverified_competitive_skill,Creator/event participation alone is not treated as competitive skill evidence.,
thedaarick28,TheDaarick28,TheDaarick28,event_handle_needs_profile_check,,,minecraft_profile_lookup,https://mc-api.io/profile/TheDaarick28/java,HISPANIC_CREATORS,5,casual_creator_or_insufficient_competitive_evidence,medium_low,https://es.wikipedia.org/wiki/Squid_Craft_Games_2,Squid Craft Games 2 roster,https://es.wikipedia.org/wiki/Squid_Craft_Games_2,True,TheDaarick28,True,medium,True,4,strict_competitive_v3,casual_creator_or_unverified_competitive_skill,Creator/event participation alone is not treated as competitive skill evidence.,
tonacho,Tonacho,Tonacho,known_creator_handle_needs_profile_check,,,minecraft_profile_lookup,https://mc-api.io/profile/Tonacho/java,HISPANIC_CREATORS,5,casual_creator_or_insufficient_competitive_evidence,medium_low,https://es.wikipedia.org/wiki/Karmaland,Historical Hispanic Minecraft creator curation,https://es.wikipedia.org/wiki/Karmaland,True,Tonacho,True,medium_low,True,4,strict_competitive_v3,casual_creator_or_unverified_competitive_skill,Creator/event participation alone is not treated as competitive skill evidence.,
tumtum,Tumtum,Tumtum,event_handle_needs_profile_check,,,minecraft_profile_lookup,https://mc-api.io/profile/Tumtum/java,HISPANIC_CREATORS,5,casual_creator_or_insufficient_competitive_evidence,medium_low,https://es.wikipedia.org/wiki/Squid_Craft_Games_2,Squid Craft Games 2 roster,https://es.wikipedia.org/wiki/Squid_Craft_Games_2,True,Tumtum,True,medium,True,4,strict_competitive_v3,casual_creator_or_unverified_competitive_skill,Creator/event participation alone is not treated as competitive skill evidence.,
tvander,tvandeR,tvandeR,event_handle_needs_profile_check,,,minecraft_profile_lookup,https://mc-api.io/profile/tvandeR/java,HISPANIC_CREATORS,5,casual_creator_or_insufficient_competitive_evidence,medium_low,https://es.wikipedia.org/wiki/Squid_Craft_Games_2,Squid Craft Games 2 roster,https://es.wikipedia.org/wiki/Squid_Craft_Games_2,True,tvandeR,True,medium,True,4,strict_competitive_v3,casual_creator_or_unverified_competitive_skill,Creator/event participation alone is not treated as competitive skill evidence.,
unicornio,Unicornio,Unicornio,event_handle_needs_profile_check,,,minecraft_profile_lookup,https://mc-api.io/profile/Unicornio/java,HISPANIC_CREATORS,5,casual_creator_or_insufficient_competitive_evidence,medium_low,https://es.wikipedia.org/wiki/Squid_Craft_Games_2,Squid Craft Games 2 roster,https://es.wikipedia.org/wiki/Squid_Craft_Games_2,True,Unicornio,True,medium,True,4,strict_competitive_v3,casual_creator_or_unverified_competitive_skill,Creator/event participation alone is not treated as competitive skill evidence.,
vicens,Vicens,Vicens,event_handle_needs_profile_check,,,minecraft_profile_lookup,https://mc-api.io/profile/Vicens/java,HISPANIC_CREATORS,5,casual_creator_or_insufficient_competitive_evidence,medium_low,https://es.wikipedia.org/wiki/Squid_Craft_Games_2,Squid Craft Games 2 roster,https://es.wikipedia.org/wiki/Squid_Craft_Games_2,True,Vicens,True,medium,True,4,strict_competitive_v3,casual_creator_or_unverified_competitive_skill,Creator/event participation alone is not treated as competitive skill evidence.,
vickypalami,VickyPalami,VickyPalami,event_handle_needs_profile_check,,,minecraft_profile_lookup,https://mc-api.io/profile/VickyPalami/java,HISPANIC_CREATORS,5,casual_creator_or_insufficient_competitive_evidence,medium_low,https://es.wikipedia.org/wiki/Squid_Craft_Games_2,Squid Craft Games 2 roster,https://es.wikipedia.org/wiki/Squid_Craft_Games_2,True,VickyPalami,True,medium,True,4,strict_competitive_v3,casual_creator_or_unverified_competitive_skill,Creator/event participation alone is not treated as competitive skill evidence.,
violetag,VioletaG,VioletaG,event_handle_needs_profile_check,,,minecraft_profile_lookup,https://mc-api.io/profile/VioletaG/java,HISPANIC_CREATORS,5,casual_creator_or_insufficient_competitive_evidence,medium_low,https://es.wikipedia.org/wiki/Squid_Craft_Games_2,Squid Craft Games 2 roster,https://es.wikipedia.org/wiki/Squid_Craft_Games_2,True,VioletaG,True,medium,True,4,strict_competitive_v3,casual_creator_or_unverified_competitive_skill,Creator/event participation alone is not treated as competitive skill evidence.,
wardsess,Wardsess,Wardsess,event_handle_needs_profile_check,,,minecraft_profile_lookup,https://mc-api.io/profile/Wardsess/java,HISPANIC_CREATORS,5,casual_creator_or_insufficient_competitive_evidence,medium_low,https://es.wikipedia.org/wiki/Squid_Craft_Games_2,Squid Craft Games 2 roster,https://es.wikipedia.org/wiki/Squid_Craft_Games_2,True,Wardsess,True,medium,True,4,strict_competitive_v3,casual_creator_or_unverified_competitive_skill,Creator/event participation alone is not treated as competitive skill evidence.,
wefere,Wefere,Wefere,event_handle_needs_profile_check,,,minecraft_profile_lookup,https://mc-api.io/profile/Wefere/java,HISPANIC_CREATORS,5,casual_creator_or_insufficient_competitive_evidence,medium_low,https://es.wikipedia.org/wiki/Squid_Craft_Games_2,Squid Craft Games 2 roster,https://es.wikipedia.org/wiki/Squid_Craft_Games_2,True,Wefere,True,medium,True,4,strict_competitive_v3,casual_creator_or_unverified_competitive_skill,Creator/event participation alone is not treated as competitive skill evidence.,
westcol,WestCOL,WestCOL,event_handle_needs_profile_check,,,minecraft_profile_lookup,https://mc-api.io/profile/WestCOL/java,HISPANIC_CREATORS,5,casual_creator_or_insufficient_competitive_evidence,medium_low,https://areajugones.sport.es/videojuegos/squid-craft-games-3-fecha-de-estreno-participantes-y-todas-las-novedades-del-evento/,Squid Craft Games 3 roster,https://areajugones.sport.es/videojuegos/squid-craft-games-3-fecha-de-estreno-participantes-y-todas-las-novedades-del-evento/,True,WestCOL,True,medium,True,3,strict_competitive_v3,casual_creator_or_unverified_competitive_skill,Creator/event participation alone is not treated as competitive skill evidence.,
whitemuser,WhiteMuser,WhiteMuser,event_handle_needs_profile_check,,,minecraft_profile_lookup,https://mc-api.io/profile/WhiteMuser/java,HISPANIC_CREATORS,5,casual_creator_or_insufficient_competitive_evidence,medium_low,https://movistaresports.com/streamers-participaran-minecraft-extremo-3/,Minecraft Extremo 3 roster,https://movistaresports.com/streamers-participaran-minecraft-extremo-3/,True,WhiteMuser,True,medium,True,4,strict_competitive_v3,casual_creator_or_unverified_competitive_skill,Creator/event participation alone is not treated as competitive skill evidence.,
willito,Willito,Willito,event_handle_needs_profile_check,,,minecraft_profile_lookup,https://mc-api.io/profile/Willito/java,HISPANIC_CREATORS,5,casual_creator_or_insufficient_competitive_evidence,medium_low,https://www.3djuegos.com/streamers/noticias/todos-participantes-fecha-squid-craft-games-4-competicion-rubius-auronplay-komanche-se-despide-a-grande,Squid Craft Games 4 roster,https://www.3djuegos.com/streamers/noticias/todos-participantes-fecha-squid-craft-games-4-competicion-rubius-auronplay-komanche-se-despide-a-grande,True,Willito,True,medium,True,4,strict_competitive_v3,casual_creator_or_unverified_competitive_skill,Creator/event participation alone is not treated as competitive skill evidence.,
xcry,xCry,xCry,event_handle_needs_profile_check,,,minecraft_profile_lookup,https://mc-api.io/profile/xCry/java,HISPANIC_CREATORS,5,casual_creator_or_insufficient_competitive_evidence,medium_low,https://es.wikipedia.org/wiki/Squid_Craft_Games_2,Squid Craft Games 2 roster,https://es.wikipedia.org/wiki/Squid_Craft_Games_2,True,xCry,True,medium,True,4,strict_competitive_v3,casual_creator_or_unverified_competitive_skill,Creator/event participation alone is not treated as competitive skill evidence.,
xfarganx,xFaRgAnx,xFaRgAnx,known_creator_handle_needs_profile_check,,,minecraft_profile_lookup,https://mc-api.io/profile/xFaRgAnx/java,HISPANIC_CREATORS,5,casual_creator_or_insufficient_competitive_evidence,medium_low,https://es.wikipedia.org/wiki/Karmaland,Historical Hispanic Minecraft creator curation,https://es.wikipedia.org/wiki/Karmaland,True,xFaRgAnx,True,medium_low,True,4,strict_competitive_v3,casual_creator_or_unverified_competitive_skill,Creator/event participation alone is not treated as competitive skill evidence.,
yosoy_chanty,Yosoy Chanty,YosoyChanty,event_handle_needs_profile_check,,,minecraft_profile_lookup,https://mc-api.io/profile/YosoyChanty/java,HISPANIC_CREATORS,5,casual_creator_or_insufficient_competitive_evidence,medium_low,https://www.3djuegos.com/streamers/noticias/todos-participantes-fecha-squid-craft-games-4-competicion-rubius-auronplay-komanche-se-despide-a-grande,Squid Craft Games 4 roster,https://www.3djuegos.com/streamers/noticias/todos-participantes-fecha-squid-craft-games-4-competicion-rubius-auronplay-komanche-se-despide-a-grande,True,YosoyChanty,True,medium,True,4,strict_competitive_v3,casual_creator_or_unverified_competitive_skill,Creator/event participation alone is not treated as competitive skill evidence.,
yulirojas,Yulirojas,Yulirojas,event_handle_needs_profile_check,,,minecraft_profile_lookup,https://mc-api.io/profile/Yulirojas/java,HISPANIC_CREATORS,5,casual_creator_or_insufficient_competitive_evidence,medium_low,https://movistaresports.com/streamers-participaran-minecraft-extremo-3/,Minecraft Extremo 3 roster,https://movistaresports.com/streamers-participaran-minecraft-extremo-3/,True,Yulirojas,True,medium,True,4,strict_competitive_v3,casual_creator_or_unverified_competitive_skill,Creator/event participation alone is not treated as competitive skill evidence.,
zeling,Zeling,Zeling,event_handle_needs_profile_check,,,minecraft_profile_lookup,https://mc-api.io/profile/Zeling/java,HISPANIC_CREATORS,5,casual_creator_or_insufficient_competitive_evidence,medium_low,https://es.wikipedia.org/wiki/Squid_Craft_Games_2,Squid Craft Games 2 roster,https://es.wikipedia.org/wiki/Squid_Craft_Games_2,True,Zeling,True,medium,True,4,strict_competitive_v3,casual_creator_or_unverified_competitive_skill,Creator/event participation alone is not treated as competitive skill evidence.,
zilverk,Zilverk,Zilverk,event_handle_needs_profile_check,,,minecraft_profile_lookup,https://mc-api.io/profile/Zilverk/java,HISPANIC_CREATORS,5,casual_creator_or_insufficient_competitive_evidence,medium_low,https://es.wikipedia.org/wiki/Squid_Craft_Games_2,Squid Craft Games 2 roster,https://es.wikipedia.org/wiki/Squid_Craft_Games_2,True,Zilverk,True,medium,True,4,strict_competitive_v3,casual_creator_or_unverified_competitive_skill,Creator/event participation alone is not treated as competitive skill evidence.,
zorman,Zorman,Zorman,event_handle_needs_profile_check,,,minecraft_profile_lookup,https://mc-api.io/profile/Zorman/java,HISPANIC_CREATORS,5,casual_creator_or_insufficient_competitive_evidence,medium_low,https://es.wikipedia.org/wiki/Squid_Craft_Games_2,Squid Craft Games 2 roster,https://es.wikipedia.org/wiki/Squid_Craft_Games_2,True,Zorman,True,medium,True,4,strict_competitive_v3,casual_creator_or_unverified_competitive_skill,Creator/event participation alone is not treated as competitive skill evidence.,
flowtives,Flowtives,Flowtives,known_pvp_handle_needs_profile_check,,,minecraft_profile_lookup,https://mc-api.io/profile/Flowtives/java,INTERNATIONAL_CREATORS,1,verified_elite_competitive_minecraft,high,https://subtiers.net/,Competitive Minecraft PvP creator,https://pvptiers.com/,True,Flowtives,True,medium_low,True,1,strict_competitive_v3,elite_competitive_specialist,Dedicated modern PvP ladder/tier-list competitor. T1.,
itzrealme,ItzRealMe,ItzRealMe,known_pvp_handle_needs_profile_check,,,minecraft_profile_lookup,https://mc-api.io/profile/ItzRealMe/java,INTERNATIONAL_CREATORS,1,verified_elite_competitive_minecraft,high,https://mctiers.com/rankings/overall,Competitive Minecraft PvP creator curation,https://pvptiers.com/,True,ItzRealMe,True,medium_low,True,3,strict_competitive_v3,elite_competitive_specialist,Elite modern PvP competitor with top-end MCTiers history. T1.,
minemanner,Minemanner,Minemanner,known_pvp_handle_needs_profile_check,,,minecraft_profile_lookup,https://mc-api.io/profile/Minemanner/java,INTERNATIONAL_CREATORS,1,verified_elite_competitive_minecraft,high,https://www.esportsearnings.com/players/120291-minemanner-jalo,Competitive Minecraft PvP creator curation,https://pvptiers.com/,True,Minemanner,True,medium_low,True,1,strict_competitive_v3,elite_competitive_specialist,Dedicated PvP/tournament specialist with repeated tournament wins. T1.,
swight,Swight,Swight,known_pvp_handle_needs_profile_check,,,minecraft_profile_lookup,https://mc-api.io/profile/Swight/java,INTERNATIONAL_CREATORS,1,verified_elite_competitive_minecraft,high,https://mctiers.com/rankings/overall,Competitive Minecraft PvP creator,https://www.youtube.com/@IGNSwight,True,Swight,True,medium_low,True,1,strict_competitive_v3,elite_competitive_specialist,Elite modern PvP competitor with top-end MCTiers history. T1.,
technoblade,Technoblade,Technoblade,known_creator_handle_needs_profile_check,,,minecraft_profile_lookup,https://mc-api.io/profile/Technoblade/java,INTERNATIONAL_CREATORS,1,verified_elite_competitive_minecraft,high,https://en.wikipedia.org/wiki/Minecraft_Monday,Dream SMP creator roster,https://en.wikipedia.org/wiki/Dream_SMP,True,Technoblade,True,medium_low,True,1,strict_competitive_v3,elite_competitive_specialist,Historical competitive PvP/event specialist with repeated top individual results; treated as historical T1.,
calvin,Calvin,Calvin,known_pvp_handle_needs_profile_check,,,minecraft_profile_lookup,https://mc-api.io/profile/Calvin/java,INTERNATIONAL_CREATORS,2,verified_competitive_minecraft_specialist,medium_high,https://www.reddit.com/r/CompetitiveMinecraft/comments/jjn43o/cxlvxn_vs_xnestorio/,Competitive Minecraft PvP creator curation,https://pvptiers.com/,True,Calvin,True,medium_low,True,2,strict_competitive_v3,competitive_specialist,"Longstanding competitive PvP/Build UHC identity, independently discussed as a well-rounded PvPer. T2.",
clownpierce,ClownPierce,ClownPierce,known_creator_handle_needs_profile_check,,,minecraft_profile_lookup,https://mc-api.io/profile/ClownPierce/java,INTERNATIONAL_CREATORS,2,verified_competitive_minecraft_specialist,medium_high,https://www.youtube.com/channel/UCs3bpV2sr9P9csJVAyogArQ,Lifesteal SMP competitive creator roster,https://lifesteal.fandom.com/wiki/Every_Lifesteal_Member,True,ClownPierce,True,medium_low,True,1,strict_competitive_v3,competitive_specialist,"PvP-focused specialist; competitive combat is the core of the profile, not occasional creator-event participation. T2.",
couriway,Couriway,Couriway,known_creator_handle_needs_profile_check,,,minecraft_profile_lookup,https://mc-api.io/profile/Couriway/java,INTERNATIONAL_CREATORS,2,verified_competitive_minecraft_specialist,medium_high,https://www.speedrun.com/users/Couriway,Recognized Minecraft creator/pro curation,https://noxcrew.com/mcc,True,Couriway,True,medium_low,True,1,strict_competitive_v3,competitive_specialist,Dedicated Minecraft speedrunner; former world-record-level competitive speedrunning identity. T2.,
cxlvxn,Cxlvxn,Cxlvxn,known_pvp_handle_needs_profile_check,,,minecraft_profile_lookup,https://mc-api.io/profile/Cxlvxn/java,INTERNATIONAL_CREATORS,2,verified_competitive_minecraft_specialist,medium_high,https://smpearth.fandom.com/wiki/Cxlvxn,Competitive Minecraft PvP creator curation,https://pvptiers.com/,True,Cxlvxn,True,medium_low,True,2,strict_competitive_v3,competitive_specialist,Longstanding Survival Games/PvP specialist; competitive identity independent of creator events. T2.,
danteh,Danteh,Danteh,known_pvp_handle_needs_profile_check,,,minecraft_profile_lookup,https://mc-api.io/profile/Danteh/java,INTERNATIONAL_CREATORS,2,verified_competitive_minecraft_specialist,medium_high,https://liquipedia.net/overwatch/Danteh,Competitive Minecraft PvP creator curation,https://pvptiers.com/,True,Danteh,True,medium_low,True,2,strict_competitive_v3,competitive_specialist,Former high-level Minecraft UHC/PvP player before professional Overwatch career. T2.,
feinberg,Feinberg,Feinberg,known_creator_handle_needs_profile_check,,,minecraft_profile_lookup,https://mc-api.io/profile/Feinberg/java,INTERNATIONAL_CREATORS,2,verified_competitive_minecraft_specialist,medium_high,https://www.speedrun.com/users/Feinberg,Recognized Minecraft creator/pro curation,https://noxcrew.com/mcc,True,Feinberg,True,medium_low,True,1,strict_competitive_v3,competitive_specialist,Dedicated speedrunner with numerous Minecraft runs and multiple current/former first-place All Advancements records. T2.,
firebreathman,FireBreathMan,FireBreathMan,known_creator_handle_needs_profile_check,,,minecraft_profile_lookup,https://mc-api.io/profile/FireBreathMan/java,INTERNATIONAL_CREATORS,2,verified_competitive_minecraft_specialist,medium_high,https://en.wikipedia.org/wiki/Minecraft_Monday,Recognized Minecraft creator/pro curation,https://noxcrew.com/mcc,True,FireBreathMan,True,medium_low,True,1,strict_competitive_v3,competitive_specialist,Competitive Minecraft specialist/tester; had top individual Minecraft Monday performance and later event record. T2.,
fruitberries,fruitberries,fruitberries,known_creator_handle_needs_profile_check,,,minecraft_profile_lookup,https://mc-api.io/profile/fruitberries/java,INTERNATIONAL_CREATORS,2,verified_competitive_minecraft_specialist,medium_high,https://www.speedrun.com/users/fruitberries,Recognized Minecraft creator/pro curation,https://noxcrew.com/mcc,True,fruitberries,True,medium_low,True,1,strict_competitive_v3,competitive_specialist,Competitive Minecraft specialist with speedrunning profile and substantial tournament history. T2.,
huahwi,Huahwi,Huahwi,known_pvp_handle_needs_profile_check,,,minecraft_profile_lookup,https://mc-api.io/profile/Huahwi/java,INTERNATIONAL_CREATORS,2,verified_competitive_minecraft_specialist,medium_high,https://www.youtube.com/channel/UC79V4m4Tx1PyRfoAnsaAKUQ,Competitive Minecraft PvP creator curation,https://pvptiers.com/,True,Huahwi,True,medium_low,True,2,strict_competitive_v3,competitive_specialist,Historical UHC/PvP specialist. T2.,
illumina,Illumina,Illumina,known_creator_handle_needs_profile_check,,,minecraft_profile_lookup,https://mc-api.io/profile/Illumina/java,INTERNATIONAL_CREATORS,2,verified_competitive_minecraft_specialist,medium_high,https://www.speedrun.com/users/Illumina1337,Recognized Minecraft creator/pro curation,https://noxcrew.com/mcc,True,Illumina,True,medium_low,True,1,strict_competitive_v3,competitive_specialist,Dedicated Minecraft speedrunner/competitive specialist independent of creator tournaments. T2.,
marlowww,Marlowww,Marlowww,known_pvp_handle_needs_profile_check,,,minecraft_profile_lookup,https://mc-api.io/profile/Marlowww/java,INTERNATIONAL_CREATORS,2,verified_competitive_minecraft_specialist,medium_low,https://mctiers.com/,Competitive Minecraft PvP creator curation,https://pvptiers.com/,True,Marlowww,True,medium_low,True,1,strict_competitive_v3,competitive_specialist,Competitive MCTiers identity; retained at T2 with low confidence rather than T1 because current public record is contentious. T2.,
purpled,Purpled,Purpled,known_creator_handle_needs_profile_check,,,minecraft_profile_lookup,https://mc-api.io/profile/Purpled/java,INTERNATIONAL_CREATORS,2,verified_competitive_minecraft_specialist,medium_high,https://www.youtube.com/watch?v=A7SKIWPPlXo,Recognized Minecraft creator/pro curation,https://noxcrew.com/mcc,True,Purpled,True,medium_low,True,1,strict_competitive_v3,competitive_specialist,Reached Hypixel BedWars leaderboard; competitive BedWars identity predates/extends beyond MCC. T2.,
sharpness,Sharpness,Sharpness,known_pvp_handle_needs_profile_check,,,minecraft_profile_lookup,https://mc-api.io/profile/Sharpness/java,INTERNATIONAL_CREATORS,2,verified_competitive_minecraft_specialist,medium_high,https://mctiers.com/,Competitive Minecraft PvP creator curation,https://pvptiers.com/,True,Sharpness,True,medium_low,True,3,strict_competitive_v3,competitive_specialist,Dedicated PvP specialist with MCTiers participation/history. T2.,
stimpy,Stimpy,Stimpy,known_pvp_handle_needs_profile_check,,,minecraft_profile_lookup,https://mc-api.io/profile/Stimpy/java,INTERNATIONAL_CREATORS,2,verified_competitive_minecraft_specialist,medium_high,https://www.reddit.com/r/CompetitiveMinecraft/comments/jjn43o/cxlvxn_vs_xnestorio/,Competitive Minecraft PvP creator curation,https://pvptiers.com/,True,Stimpy,True,medium_low,True,2,strict_competitive_v3,competitive_specialist,Longstanding PotPvP specialist; community competitive discussion explicitly treats Stimpy as a PotPvP main. T2.,
xnestorio,xNestorio,xNestorio,verified_event_ign,,,minecraft_profile_lookup,https://mc-api.io/profile/xNestorio/java,INTERNATIONAL_CREATORS,2,verified_competitive_minecraft_specialist,medium_high,https://www.youtube.com/@xNestorio,MCCRising1 participant roster,https://reafystats.com/,True,xNestorio,True,high,True,1,strict_competitive_v3,competitive_specialist,Longstanding UHC/PvP specialist. T2.,
4cvit,4CVIT,4CVIT,verified_event_ign,,,minecraft_profile_lookup,https://mc-api.io/profile/4CVIT/java,INTERNATIONAL_CREATORS,3,creator_cap_strong_minecraft_or_event_performance,medium,https://noxcrew.com/mcc,MCCRising2 participant roster,https://reafystats.com/,True,4CVIT,True,high,True,2,strict_competitive_v3,creator_ceiling_or_strong_minecraft_specialist,Creator-first profile with strong Minecraft experience or creator-event performance; strict ruleset caps creators at T3.,
5up,5up,5up,verified_event_ign,,,minecraft_profile_lookup,https://mc-api.io/profile/5up/java,INTERNATIONAL_CREATORS,3,creator_cap_strong_minecraft_or_event_performance,medium,https://noxcrew.com/mcc,MCC20 participant roster,https://reafystats.com/,True,5up,True,high,True,2,strict_competitive_v3,creator_ceiling_or_strong_minecraft_specialist,Creator-first profile with strong Minecraft experience or creator-event performance; strict ruleset caps creators at T3.,
antfrost,Antfrost,Antfrost,verified_event_ign,,,minecraft_profile_lookup,https://mc-api.io/profile/Antfrost/java,INTERNATIONAL_CREATORS,3,creator_cap_strong_minecraft_or_event_performance,medium,https://noxcrew.com/mcc,MCC20 participant roster,https://reafystats.com/,True,Antfrost,True,high,True,1,strict_competitive_v3,creator_ceiling_or_strong_minecraft_specialist,Creator-first profile with strong Minecraft experience or creator-event performance; strict ruleset caps creators at T3.,
boosfer,Boosfer,Boosfer,verified_event_ign,,,minecraft_profile_lookup,https://mc-api.io/profile/Boosfer/java,INTERNATIONAL_CREATORS,3,creator_cap_strong_minecraft_or_event_performance,medium,https://noxcrew.com/mcc,MCCRising1 participant roster,https://reafystats.com/,True,Boosfer,True,high,True,2,strict_competitive_v3,creator_ceiling_or_strong_minecraft_specialist,Creator-first profile with strong Minecraft experience or creator-event performance; strict ruleset caps creators at T3.,
branzycraft,BranzyCraft,BranzyCraft,known_creator_handle_needs_profile_check,,,minecraft_profile_lookup,https://mc-api.io/profile/BranzyCraft/java,INTERNATIONAL_CREATORS,3,creator_cap_strong_minecraft_or_event_performance,medium,https://noxcrew.com/mcc,Lifesteal SMP competitive creator roster,https://lifesteal.fandom.com/wiki/Every_Lifesteal_Member,True,BranzyCraft,True,medium_low,True,2,strict_competitive_v3,creator_ceiling_or_strong_minecraft_specialist,Creator-first profile with strong Minecraft experience or creator-event performance; strict ruleset caps creators at T3.,
dream,Dream,Dream,known_creator_handle_needs_profile_check,,,minecraft_profile_lookup,https://mc-api.io/profile/Dream/java,INTERNATIONAL_CREATORS,3,creator_cap_strong_minecraft_or_event_performance,medium,https://noxcrew.com/mcc,Dream SMP creator roster,https://en.wikipedia.org/wiki/Dream_SMP,True,Dream,True,medium_low,True,1,strict_competitive_v3,creator_ceiling_or_strong_minecraft_specialist,Creator-first profile with strong Minecraft experience or creator-event performance; strict ruleset caps creators at T3.,
flamefrags,FlameFrags,FlameFrags,known_creator_handle_needs_profile_check,,,minecraft_profile_lookup,https://mc-api.io/profile/FlameFrags/java,INTERNATIONAL_CREATORS,3,creator_cap_strong_minecraft_or_event_performance,medium,https://noxcrew.com/mcc,Lifesteal SMP competitive creator roster,https://lifesteal.fandom.com/wiki/Every_Lifesteal_Member,True,FlameFrags,True,medium_low,True,2,strict_competitive_v3,creator_ceiling_or_strong_minecraft_specialist,Creator-first profile with strong Minecraft experience or creator-event performance; strict ruleset caps creators at T3.,
hbomb94,HBomb94,HBomb94,verified_event_ign,,,minecraft_profile_lookup,https://mc-api.io/profile/HBomb94/java,INTERNATIONAL_CREATORS,3,creator_cap_strong_minecraft_or_event_performance,medium,https://noxcrew.com/mcc,MCC1 participant roster,https://reafystats.com/,True,HBomb94,True,high,True,2,strict_competitive_v3,creator_ceiling_or_strong_minecraft_specialist,Creator-first profile with strong Minecraft experience or creator-event performance; strict ruleset caps creators at T3.,
inteledits,IntelEdits,IntelEdits,known_pvp_handle_needs_profile_check,,,minecraft_profile_lookup,https://mc-api.io/profile/IntelEdits/java,INTERNATIONAL_CREATORS,3,creator_cap_strong_minecraft_or_event_performance,medium,https://pvptiers.com/,Competitive Minecraft PvP creator curation,https://pvptiers.com/,True,IntelEdits,True,medium_low,True,3,strict_competitive_v3,creator_ceiling_or_strong_minecraft_specialist,Creator-first profile with strong Minecraft experience or creator-event performance; strict ruleset caps creators at T3.,
jojosolos,jojosolos,jojosolos,verified_event_ign,,,minecraft_profile_lookup,https://mc-api.io/profile/jojosolos/java,INTERNATIONAL_CREATORS,3,creator_cap_strong_minecraft_or_event_performance,medium,https://noxcrew.com/mcc,MCC31 participant roster,https://reafystats.com/,True,jojosolos,True,high,True,2,strict_competitive_v3,creator_ceiling_or_strong_minecraft_specialist,Creator-first profile with strong Minecraft experience or creator-event performance; strict ruleset caps creators at T3.,
krtzyy,Krtzyy,Krtzyy,verified_event_ign,,,minecraft_profile_lookup,https://mc-api.io/profile/Krtzyy/java,INTERNATIONAL_CREATORS,3,creator_cap_strong_minecraft_or_event_performance,medium,https://noxcrew.com/mcc,MCC1 participant roster,https://reafystats.com/,True,Krtzyy,True,high,True,2,strict_competitive_v3,creator_ceiling_or_strong_minecraft_specialist,Creator-first profile with strong Minecraft experience or creator-event performance; strict ruleset caps creators at T3.,
mapicc,Mapicc,Mapicc,known_creator_handle_needs_profile_check,,,minecraft_profile_lookup,https://mc-api.io/profile/Mapicc/java,INTERNATIONAL_CREATORS,3,creator_cap_strong_minecraft_or_event_performance,medium,https://noxcrew.com/mcc,Lifesteal SMP competitive creator roster,https://lifesteal.fandom.com/wiki/Every_Lifesteal_Member,True,Mapicc,True,medium_low,True,2,strict_competitive_v3,creator_ceiling_or_strong_minecraft_specialist,Creator-first profile with strong Minecraft experience or creator-event performance; strict ruleset caps creators at T3.,
minutetech,MinuteTech,MinuteTech,known_creator_handle_needs_profile_check,,,minecraft_profile_lookup,https://mc-api.io/profile/MinuteTech/java,INTERNATIONAL_CREATORS,3,creator_cap_strong_minecraft_or_event_performance,medium,https://noxcrew.com/mcc,Lifesteal SMP competitive creator roster,https://lifesteal.fandom.com/wiki/Every_Lifesteal_Member,True,MinuteTech,True,medium_low,True,2,strict_competitive_v3,creator_ceiling_or_strong_minecraft_specialist,Creator-first profile with strong Minecraft experience or creator-event performance; strict ruleset caps creators at T3.,
owengejuice,OwengeJuice,OwengeJuice,verified_event_ign,,,minecraft_profile_lookup,https://mc-api.io/profile/OwengeJuice/java,INTERNATIONAL_CREATORS,3,creator_cap_strong_minecraft_or_event_performance,medium,https://noxcrew.com/mcc,MCCS4Kickoff participant roster,https://reafystats.com/,True,OwengeJuice,True,high,True,2,strict_competitive_v3,creator_ceiling_or_strong_minecraft_specialist,Creator-first profile with strong Minecraft experience or creator-event performance; strict ruleset caps creators at T3.,
petezahhutt,PeteZahHutt,PeteZahHutt,known_creator_handle_needs_profile_check,,,minecraft_profile_lookup,https://mc-api.io/profile/PeteZahHutt/java,INTERNATIONAL_CREATORS,3,creator_cap_strong_minecraft_or_event_performance,medium,https://noxcrew.com/mcc,Recognized Minecraft creator/pro curation,https://noxcrew.com/mcc,True,PeteZahHutt,True,medium_low,True,1,strict_competitive_v3,creator_ceiling_or_strong_minecraft_specialist,Creator-first profile with strong Minecraft experience or creator-event performance; strict ruleset caps creators at T3.,
princezam,PrinceZam,PrinceZam,verified_event_ign,,,minecraft_profile_lookup,https://mc-api.io/profile/PrinceZam/java,INTERNATIONAL_CREATORS,3,creator_cap_strong_minecraft_or_event_performance,medium,https://noxcrew.com/mcc,MCCRising3 participant roster,https://reafystats.com/,True,PrinceZam,True,high,True,2,strict_competitive_v3,creator_ceiling_or_strong_minecraft_specialist,Creator-first profile with strong Minecraft experience or creator-event performance; strict ruleset caps creators at T3.,
punz,Punz,Punz,verified_event_ign,,,minecraft_profile_lookup,https://mc-api.io/profile/Punz/java,INTERNATIONAL_CREATORS,3,creator_cap_strong_minecraft_or_event_performance,medium,https://noxcrew.com/mcc,MCC14 participant roster,https://reafystats.com/,True,Punz,True,high,True,2,strict_competitive_v3,creator_ceiling_or_strong_minecraft_specialist,Creator-first profile with strong Minecraft experience or creator-event performance; strict ruleset caps creators at T3.,
quig,Quig,Quig,verified_event_ign,,,minecraft_profile_lookup,https://mc-api.io/profile/Quig/java,INTERNATIONAL_CREATORS,3,creator_cap_strong_minecraft_or_event_performance,medium,https://noxcrew.com/mcc,MCC1 participant roster,https://reafystats.com/,True,Quig,True,high,True,1,strict_competitive_v3,creator_ceiling_or_strong_minecraft_specialist,Creator-first profile with strong Minecraft experience or creator-event performance; strict ruleset caps creators at T3.,
rekrap2,rekrap2,rekrap2,known_creator_handle_needs_profile_check,,,minecraft_profile_lookup,https://mc-api.io/profile/rekrap2/java,INTERNATIONAL_CREATORS,3,creator_cap_strong_minecraft_or_event_performance,medium,https://noxcrew.com/mcc,Lifesteal SMP competitive creator roster,https://lifesteal.fandom.com/wiki/Every_Lifesteal_Member,True,rekrap2,True,medium_low,True,2,strict_competitive_v3,creator_ceiling_or_strong_minecraft_specialist,Creator-first profile with strong Minecraft experience or creator-event performance; strict ruleset caps creators at T3.,
sandwichlord,SandwichLord_,SandwichLord_,verified_event_ign,,,minecraft_profile_lookup,https://mc-api.io/profile/SandwichLord_/java,INTERNATIONAL_CREATORS,3,creator_cap_strong_minecraft_or_event_performance,medium,https://noxcrew.com/mcc,ColourTheWorld participant roster,https://reafystats.com/,True,SandwichLord_,True,high,True,2,strict_competitive_v3,creator_ceiling_or_strong_minecraft_specialist,Creator-first profile with strong Minecraft experience or creator-event performance; strict ruleset caps creators at T3.,
sapnap,Sapnap,Sapnap,known_creator_handle_needs_profile_check,,,minecraft_profile_lookup,https://mc-api.io/profile/Sapnap/java,INTERNATIONAL_CREATORS,3,creator_cap_strong_minecraft_or_event_performance,medium,https://noxcrew.com/mcc,Dream SMP creator roster,https://en.wikipedia.org/wiki/Dream_SMP,True,Sapnap,True,medium_low,True,1,strict_competitive_v3,creator_ceiling_or_strong_minecraft_specialist,Creator-first profile with strong Minecraft experience or creator-event performance; strict ruleset caps creators at T3.,
sb737,SB737,SB737,verified_event_ign,,,minecraft_profile_lookup,https://mc-api.io/profile/SB737/java,INTERNATIONAL_CREATORS,3,creator_cap_strong_minecraft_or_event_performance,medium,https://noxcrew.com/mcc,MCC14 participant roster,https://reafystats.com/,True,SB737,True,high,True,2,strict_competitive_v3,creator_ceiling_or_strong_minecraft_specialist,Creator-first profile with strong Minecraft experience or creator-event performance; strict ruleset caps creators at T3.,
seapeekay,Seapeekay,Seapeekay,verified_event_ign,,,minecraft_profile_lookup,https://mc-api.io/profile/Seapeekay/java,INTERNATIONAL_CREATORS,3,creator_cap_strong_minecraft_or_event_performance,medium,https://noxcrew.com/mcc,MCC6 participant roster,https://reafystats.com/,True,Seapeekay,True,high,True,2,strict_competitive_v3,creator_ceiling_or_strong_minecraft_specialist,Creator-first profile with strong Minecraft experience or creator-event performance; strict ruleset caps creators at T3.,
smajor1995,Smajor1995,Smajor1995,verified_event_ign,,,minecraft_profile_lookup,https://mc-api.io/profile/Smajor1995/java,INTERNATIONAL_CREATORS,3,creator_cap_strong_minecraft_or_event_performance,medium,https://noxcrew.com/mcc,MCC1 participant roster,https://reafystats.com/,True,Smajor1995,True,high,True,2,strict_competitive_v3,creator_ceiling_or_strong_minecraft_specialist,Creator-first profile with strong Minecraft experience or creator-event performance; strict ruleset caps creators at T3.,
speedsilver,SpeedSilver,SpeedSilver,verified_event_ign,,,minecraft_profile_lookup,https://mc-api.io/profile/SpeedSilver/java,INTERNATIONAL_CREATORS,3,creator_cap_strong_minecraft_or_event_performance,medium,https://noxcrew.com/mcc,MCCRising1 participant roster,https://reafystats.com/,True,SpeedSilver,True,high,True,2,strict_competitive_v3,creator_ceiling_or_strong_minecraft_specialist,Creator-first profile with strong Minecraft experience or creator-event performance; strict ruleset caps creators at T3.,
spokeishere,SpokeIsHere,SpokeIsHere,known_creator_handle_needs_profile_check,,,minecraft_profile_lookup,https://mc-api.io/profile/SpokeIsHere/java,INTERNATIONAL_CREATORS,3,creator_cap_strong_minecraft_or_event_performance,medium,https://noxcrew.com/mcc,Lifesteal SMP competitive creator roster,https://lifesteal.fandom.com/wiki/Every_Lifesteal_Member,True,SpokeIsHere,True,medium_low,True,2,strict_competitive_v3,creator_ceiling_or_strong_minecraft_specialist,Creator-first profile with strong Minecraft experience or creator-event performance; strict ruleset caps creators at T3.,
tapl,TapL,TapL,verified_event_ign,,,minecraft_profile_lookup,https://mc-api.io/profile/TapL/java,INTERNATIONAL_CREATORS,3,creator_cap_strong_minecraft_or_event_performance,medium,https://noxcrew.com/mcc,MCC14 participant roster,https://reafystats.com/,True,TapL,True,high,True,2,strict_competitive_v3,creator_ceiling_or_strong_minecraft_specialist,Creator-first profile with strong Minecraft experience or creator-event performance; strict ruleset caps creators at T3.,
wallibear,Wallibear,Wallibear,verified_event_ign,,,minecraft_profile_lookup,https://mc-api.io/profile/Wallibear/java,INTERNATIONAL_CREATORS,3,creator_cap_strong_minecraft_or_event_performance,medium,https://noxcrew.com/mcc,MCC31 participant roster,https://reafystats.com/,True,Wallibear,True,high,True,1,strict_competitive_v3,creator_ceiling_or_strong_minecraft_specialist,Creator-first profile with strong Minecraft experience or creator-event performance; strict ruleset caps creators at T3.,
wemmbu,Wemmbu,Wemmbu,known_creator_handle_needs_profile_check,,,minecraft_profile_lookup,https://mc-api.io/profile/Wemmbu/java,INTERNATIONAL_CREATORS,3,creator_cap_strong_minecraft_or_event_performance,medium,https://noxcrew.com/mcc,Lifesteal SMP competitive creator roster,https://lifesteal.fandom.com/wiki/Every_Lifesteal_Member,True,Wemmbu,True,medium_low,True,2,strict_competitive_v3,creator_ceiling_or_strong_minecraft_specialist,Creator-first profile with strong Minecraft experience or creator-event performance; strict ruleset caps creators at T3.,
aimsey,aimsey,aimsey,verified_event_ign,,,minecraft_profile_lookup,https://mc-api.io/profile/aimsey/java,INTERNATIONAL_CREATORS,4,experienced_minecraft_creator_noncompetitive,medium_low,https://reafystats.com/,MCC27 participant roster,https://reafystats.com/,True,aimsey,True,high,True,3,strict_competitive_v3,experienced_minecraft_creator_noncompetitive,"Meaningful Minecraft experience, but no independent evidence justifying competitive T1/T2.",
antvenom,AntVenom,AntVenom,known_creator_handle_needs_profile_check,,,minecraft_profile_lookup,https://mc-api.io/profile/AntVenom/java,INTERNATIONAL_CREATORS,4,experienced_minecraft_creator_noncompetitive,medium,https://noxcrew.com/mcc,Recognized Minecraft creator/pro curation,https://noxcrew.com/mcc,True,AntVenom,True,medium_low,True,3,strict_competitive_v3,experienced_minecraft_creator_noncompetitive,"Meaningful Minecraft experience, but no independent evidence justifying competitive T1/T2.",
awesamdude,Awesamdude,Awesamdude,verified_event_ign,,,minecraft_profile_lookup,https://mc-api.io/profile/Awesamdude/java,INTERNATIONAL_CREATORS,4,experienced_minecraft_creator_noncompetitive,medium_low,https://reafystats.com/,MCC20 participant roster,https://reafystats.com/,True,Awesamdude,True,high,True,3,strict_competitive_v3,experienced_minecraft_creator_noncompetitive,"Meaningful Minecraft experience, but no independent evidence justifying competitive T1/T2.",
aypierre,aypierre,aypierre,verified_event_ign,,,minecraft_profile_lookup,https://mc-api.io/profile/aypierre/java,INTERNATIONAL_CREATORS,4,experienced_minecraft_creator_noncompetitive,medium_low,https://reafystats.com/,BlankCanvas participant roster,https://reafystats.com/,True,aypierre,True,high,True,3,strict_competitive_v3,experienced_minecraft_creator_noncompetitive,"Meaningful Minecraft experience, but no independent evidence justifying competitive T1/T2.",
baboabe,BaboAbe,BaboAbe,verified_event_ign,,,minecraft_profile_lookup,https://mc-api.io/profile/BaboAbe/java,INTERNATIONAL_CREATORS,4,experienced_minecraft_creator_noncompetitive,medium_low,https://reafystats.com/,MCC27 participant roster,https://reafystats.com/,True,BaboAbe,True,high,True,3,strict_competitive_v3,experienced_minecraft_creator_noncompetitive,"Meaningful Minecraft experience, but no independent evidence justifying competitive T1/T2.",
baconnwaffles0,Baconnwaffles0,Baconnwaffles0,known_creator_handle_needs_profile_check,,,minecraft_profile_lookup,https://mc-api.io/profile/Baconnwaffles0/java,INTERNATIONAL_CREATORS,4,experienced_minecraft_creator_noncompetitive,medium_low,https://lifesteal.fandom.com/wiki/Every_Lifesteal_Member,Lifesteal SMP competitive creator roster,https://lifesteal.fandom.com/wiki/Every_Lifesteal_Member,True,Baconnwaffles0,True,medium_low,True,3,strict_competitive_v3,experienced_minecraft_creator_noncompetitive,"Meaningful Minecraft experience, but no independent evidence justifying competitive T1/T2.",
bajancanadian,BajanCanadian,BajanCanadian,known_creator_handle_needs_profile_check,,,minecraft_profile_lookup,https://mc-api.io/profile/BajanCanadian/java,INTERNATIONAL_CREATORS,4,experienced_minecraft_creator_noncompetitive,medium,https://en.wikipedia.org/wiki/CaptainSparklez,Historical Minecraft creator curation,https://en.wikipedia.org/wiki/CaptainSparklez,True,BajanCanadian,True,medium_low,True,3,strict_competitive_v3,experienced_minecraft_creator_noncompetitive,"Meaningful Minecraft experience, but no independent evidence justifying competitive T1/T2.",
bbpaws,BBPaws,BBPaws,verified_event_ign,,,minecraft_profile_lookup,https://mc-api.io/profile/BBPaws/java,INTERNATIONAL_CREATORS,4,experienced_minecraft_creator_noncompetitive,medium_low,https://reafystats.com/,MCC1 participant roster,https://reafystats.com/,True,BBPaws,True,high,True,3,strict_competitive_v3,experienced_minecraft_creator_noncompetitive,"Meaningful Minecraft experience, but no independent evidence justifying competitive T1/T2.",
bdubs,BDubs,BDubs,known_creator_handle_needs_profile_check,,,minecraft_profile_lookup,https://mc-api.io/profile/BDubs/java,INTERNATIONAL_CREATORS,4,experienced_minecraft_creator_noncompetitive,medium_low,https://hermitcraft.com/,HermitCraft official member/creator ecosystem,https://hermitcraft.com/,True,BDubs,True,medium_low,True,3,strict_competitive_v3,experienced_minecraft_creator_noncompetitive,"Meaningful Minecraft experience, but no independent evidence justifying competitive T1/T2.",
bekyamon,bekyamon,bekyamon,verified_event_ign,,,minecraft_profile_lookup,https://mc-api.io/profile/bekyamon/java,INTERNATIONAL_CREATORS,4,experienced_minecraft_creator_noncompetitive,medium_low,https://reafystats.com/,MCC31 participant roster,https://reafystats.com/,True,bekyamon,True,high,True,3,strict_competitive_v3,experienced_minecraft_creator_noncompetitive,"Meaningful Minecraft experience, but no independent evidence justifying competitive T1/T2.",
bitzel,Bitzel,Bitzel,verified_event_ign,,,minecraft_profile_lookup,https://mc-api.io/profile/Bitzel/java,INTERNATIONAL_CREATORS,4,experienced_minecraft_creator_noncompetitive,medium_low,https://reafystats.com/,MCC6 participant roster,https://reafystats.com/,True,Bitzel,True,high,True,3,strict_competitive_v3,experienced_minecraft_creator_noncompetitive,"Meaningful Minecraft experience, but no independent evidence justifying competitive T1/T2.",
blushi,Blushi,Blushi,verified_event_ign,,,minecraft_profile_lookup,https://mc-api.io/profile/Blushi/java,INTERNATIONAL_CREATORS,4,experienced_minecraft_creator_noncompetitive,medium_low,https://reafystats.com/,MCC27 participant roster,https://reafystats.com/,True,Blushi,True,high,True,3,strict_competitive_v3,experienced_minecraft_creator_noncompetitive,"Meaningful Minecraft experience, but no independent evidence justifying competitive T1/T2.",
cambam010,Cambam010,Cambam010,verified_event_ign,,,minecraft_profile_lookup,https://mc-api.io/profile/Cambam010/java,INTERNATIONAL_CREATORS,4,experienced_minecraft_creator_noncompetitive,medium_low,https://reafystats.com/,ColourTheWorld participant roster,https://reafystats.com/,True,Cambam010,True,high,True,3,strict_competitive_v3,experienced_minecraft_creator_noncompetitive,"Meaningful Minecraft experience, but no independent evidence justifying competitive T1/T2.",
captainpuffy,CaptainPuffy,CaptainPuffy,verified_event_ign,,,minecraft_profile_lookup,https://mc-api.io/profile/CaptainPuffy/java,INTERNATIONAL_CREATORS,4,experienced_minecraft_creator_noncompetitive,medium_low,https://reafystats.com/,MCC1 participant roster,https://reafystats.com/,True,CaptainPuffy,True,high,True,3,strict_competitive_v3,experienced_minecraft_creator_noncompetitive,"Meaningful Minecraft experience, but no independent evidence justifying competitive T1/T2.",
captainsparklez,CaptainSparklez,CaptainSparklez,known_creator_handle_needs_profile_check,,,minecraft_profile_lookup,https://mc-api.io/profile/CaptainSparklez/java,INTERNATIONAL_CREATORS,4,experienced_minecraft_creator_noncompetitive,medium,https://noxcrew.com/mcc,Historical Minecraft creator curation,https://en.wikipedia.org/wiki/CaptainSparklez,True,CaptainSparklez,True,medium_low,True,2,strict_competitive_v3,experienced_minecraft_creator_noncompetitive,"Meaningful Minecraft experience, but no independent evidence justifying competitive T1/T2.",
castcrafter,CastCrafter,CastCrafter,verified_event_ign,,,minecraft_profile_lookup,https://mc-api.io/profile/CastCrafter/java,INTERNATIONAL_CREATORS,4,experienced_minecraft_creator_noncompetitive,medium_low,https://reafystats.com/,ColourTheWorld participant roster,https://reafystats.com/,True,CastCrafter,True,high,True,3,strict_competitive_v3,experienced_minecraft_creator_noncompetitive,"Meaningful Minecraft experience, but no independent evidence justifying competitive T1/T2.",
chilledchaosyt,ChilledChaosYT,ChilledChaosYT,verified_event_ign,,,minecraft_profile_lookup,https://mc-api.io/profile/ChilledChaosYT/java,INTERNATIONAL_CREATORS,4,experienced_minecraft_creator_noncompetitive,medium_low,https://reafystats.com/,MCCS4Kickoff participant roster,https://reafystats.com/,True,ChilledChaosYT,True,high,True,3,strict_competitive_v3,experienced_minecraft_creator_noncompetitive,"Meaningful Minecraft experience, but no independent evidence justifying competitive T1/T2.",
cojomax99,Cojomax99,Cojomax99,verified_event_ign,,,minecraft_profile_lookup,https://mc-api.io/profile/Cojomax99/java,INTERNATIONAL_CREATORS,4,experienced_minecraft_creator_noncompetitive,medium_low,https://reafystats.com/,Pride2025 participant roster,https://reafystats.com/,True,Cojomax99,True,high,True,3,strict_competitive_v3,experienced_minecraft_creator_noncompetitive,"Meaningful Minecraft experience, but no independent evidence justifying competitive T1/T2.",
cubfan135,Cubfan135,Cubfan135,verified_event_ign,,,minecraft_profile_lookup,https://mc-api.io/profile/Cubfan135/java,INTERNATIONAL_CREATORS,4,experienced_minecraft_creator_noncompetitive,medium_low,https://reafystats.com/,MCC6 participant roster,https://reafystats.com/,True,Cubfan135,True,high,True,3,strict_competitive_v3,experienced_minecraft_creator_noncompetitive,"Meaningful Minecraft experience, but no independent evidence justifying competitive T1/T2.",
darkeyebrows,DarkEyebrows,DarkEyebrows,verified_event_ign,,,minecraft_profile_lookup,https://mc-api.io/profile/DarkEyebrows/java,INTERNATIONAL_CREATORS,4,experienced_minecraft_creator_noncompetitive,medium_low,https://reafystats.com/,MCC31 participant roster,https://reafystats.com/,True,DarkEyebrows,True,high,True,3,strict_competitive_v3,experienced_minecraft_creator_noncompetitive,"Meaningful Minecraft experience, but no independent evidence justifying competitive T1/T2.",
dethridge,DethRidge,DethRidge,verified_event_ign,,,minecraft_profile_lookup,https://mc-api.io/profile/DethRidge/java,INTERNATIONAL_CREATORS,4,experienced_minecraft_creator_noncompetitive,medium_low,https://reafystats.com/,MCC1 participant roster,https://reafystats.com/,True,DethRidge,True,high,True,3,strict_competitive_v3,experienced_minecraft_creator_noncompetitive,"Meaningful Minecraft experience, but no independent evidence justifying competitive T1/T2.",
docm77,Docm77,Docm77,known_creator_handle_needs_profile_check,,,minecraft_profile_lookup,https://mc-api.io/profile/Docm77/java,INTERNATIONAL_CREATORS,4,experienced_minecraft_creator_noncompetitive,medium,https://hermitcraft.com/,HermitCraft official member/creator ecosystem,https://hermitcraft.com/,True,Docm77,True,medium_low,True,3,strict_competitive_v3,experienced_minecraft_creator_noncompetitive,"Meaningful Minecraft experience, but no independent evidence justifying competitive T1/T2.",
draconitedragon,DraconiteDragon,DraconiteDragon,verified_event_ign,,,minecraft_profile_lookup,https://mc-api.io/profile/DraconiteDragon/java,INTERNATIONAL_CREATORS,4,experienced_minecraft_creator_noncompetitive,medium_low,https://reafystats.com/,MCC27 participant roster,https://reafystats.com/,True,DraconiteDragon,True,high,True,3,strict_competitive_v3,experienced_minecraft_creator_noncompetitive,"Meaningful Minecraft experience, but no independent evidence justifying competitive T1/T2.",
drgluon,DrGluon,DrGluon,verified_event_ign,,,minecraft_profile_lookup,https://mc-api.io/profile/DrGluon/java,INTERNATIONAL_CREATORS,4,experienced_minecraft_creator_noncompetitive,medium_low,https://reafystats.com/,MCC1 participant roster,https://reafystats.com/,True,DrGluon,True,high,True,3,strict_competitive_v3,experienced_minecraft_creator_noncompetitive,"Meaningful Minecraft experience, but no independent evidence justifying competitive T1/T2.",
elainaexe,ElainaExe,ElainaExe,verified_event_ign,,,minecraft_profile_lookup,https://mc-api.io/profile/ElainaExe/java,INTERNATIONAL_CREATORS,4,experienced_minecraft_creator_noncompetitive,medium_low,https://reafystats.com/,MCC20 participant roster,https://reafystats.com/,True,ElainaExe,True,high,True,3,strict_competitive_v3,experienced_minecraft_creator_noncompetitive,"Meaningful Minecraft experience, but no independent evidence justifying competitive T1/T2.",
eret,Eret,Eret,verified_event_ign,,,minecraft_profile_lookup,https://mc-api.io/profile/Eret/java,INTERNATIONAL_CREATORS,4,experienced_minecraft_creator_noncompetitive,medium_low,https://reafystats.com/,MCC1 participant roster,https://reafystats.com/,True,Eret,True,high,True,3,strict_competitive_v3,experienced_minecraft_creator_noncompetitive,"Meaningful Minecraft experience, but no independent evidence justifying competitive T1/T2.",
eskay22,Eskay22,Eskay22,verified_event_ign,,,minecraft_profile_lookup,https://mc-api.io/profile/Eskay22/java,INTERNATIONAL_CREATORS,4,experienced_minecraft_creator_noncompetitive,medium_low,https://reafystats.com/,Pride2025 participant roster,https://reafystats.com/,True,Eskay22,True,high,True,3,strict_competitive_v3,experienced_minecraft_creator_noncompetitive,"Meaningful Minecraft experience, but no independent evidence justifying competitive T1/T2.",
etho,Etho,Etho,known_creator_handle_needs_profile_check,,,minecraft_profile_lookup,https://mc-api.io/profile/Etho/java,INTERNATIONAL_CREATORS,4,experienced_minecraft_creator_noncompetitive,medium,https://hermitcraft.com/,HermitCraft official member/creator ecosystem,https://hermitcraft.com/,True,Etho,True,medium_low,True,3,strict_competitive_v3,experienced_minecraft_creator_noncompetitive,"Meaningful Minecraft experience, but no independent evidence justifying competitive T1/T2.",
etoiles,Etoiles,Etoiles,verified_event_ign,,,minecraft_profile_lookup,https://mc-api.io/profile/Etoiles/java,INTERNATIONAL_CREATORS,4,experienced_minecraft_creator_noncompetitive,medium_low,https://reafystats.com/,BlankCanvas participant roster,https://reafystats.com/,True,Etoiles,True,high,True,3,strict_competitive_v3,experienced_minecraft_creator_noncompetitive,"Meaningful Minecraft experience, but no independent evidence justifying competitive T1/T2.",
falsesymmetry,FalseSymmetry,FalseSymmetry,verified_event_ign,,,minecraft_profile_lookup,https://mc-api.io/profile/FalseSymmetry/java,INTERNATIONAL_CREATORS,4,experienced_minecraft_creator_noncompetitive,medium,https://reafystats.com/,MCC6 participant roster,https://reafystats.com/,True,FalseSymmetry,True,high,True,3,strict_competitive_v3,experienced_minecraft_creator_noncompetitive,"Meaningful Minecraft experience, but no independent evidence justifying competitive T1/T2.",
fitmc,FitMC,FitMC,known_creator_handle_needs_profile_check,,,minecraft_profile_lookup,https://mc-api.io/profile/FitMC/java,INTERNATIONAL_CREATORS,4,experienced_minecraft_creator_noncompetitive,medium,https://noxcrew.com/mcc,Recognized Minecraft creator/pro curation,https://noxcrew.com/mcc,True,FitMC,True,medium_low,True,3,strict_competitive_v3,experienced_minecraft_creator_noncompetitive,"Meaningful Minecraft experience, but no independent evidence justifying competitive T1/T2.",
florianfunke,FlorianFunke,FlorianFunke,verified_event_ign,,,minecraft_profile_lookup,https://mc-api.io/profile/FlorianFunke/java,INTERNATIONAL_CREATORS,4,experienced_minecraft_creator_noncompetitive,medium_low,https://reafystats.com/,MCC1 participant roster,https://reafystats.com/,True,FlorianFunke,True,high,True,3,strict_competitive_v3,experienced_minecraft_creator_noncompetitive,"Meaningful Minecraft experience, but no independent evidence justifying competitive T1/T2.",
fulham,Fulham,Fulham,verified_event_ign,,,minecraft_profile_lookup,https://mc-api.io/profile/Fulham/java,INTERNATIONAL_CREATORS,4,experienced_minecraft_creator_noncompetitive,medium_low,https://reafystats.com/,ColourTheWorld participant roster,https://reafystats.com/,True,Fulham,True,high,True,3,strict_competitive_v3,experienced_minecraft_creator_noncompetitive,"Meaningful Minecraft experience, but no independent evidence justifying competitive T1/T2.",
fundy,Fundy,Fundy,known_creator_handle_needs_profile_check,,,minecraft_profile_lookup,https://mc-api.io/profile/Fundy/java,INTERNATIONAL_CREATORS,4,experienced_minecraft_creator_noncompetitive,medium,https://noxcrew.com/mcc,Dream SMP creator roster,https://en.wikipedia.org/wiki/Dream_SMP,True,Fundy,True,medium_low,True,2,strict_competitive_v3,experienced_minecraft_creator_noncompetitive,"Meaningful Minecraft experience, but no independent evidence justifying competitive T1/T2.",
fwhip,fWhip,fWhip,verified_event_ign,,,minecraft_profile_lookup,https://mc-api.io/profile/fWhip/java,INTERNATIONAL_CREATORS,4,experienced_minecraft_creator_noncompetitive,medium_low,https://reafystats.com/,MCC6 participant roster,https://reafystats.com/,True,fWhip,True,high,True,3,strict_competitive_v3,experienced_minecraft_creator_noncompetitive,"Meaningful Minecraft experience, but no independent evidence justifying competitive T1/T2.",
geenelly,GeeNelly,GeeNelly,verified_event_ign,,,minecraft_profile_lookup,https://mc-api.io/profile/GeeNelly/java,INTERNATIONAL_CREATORS,4,experienced_minecraft_creator_noncompetitive,medium_low,https://reafystats.com/,MCC27 participant roster,https://reafystats.com/,True,GeeNelly,True,high,True,3,strict_competitive_v3,experienced_minecraft_creator_noncompetitive,"Meaningful Minecraft experience, but no independent evidence justifying competitive T1/T2.",
gegy,Gegy,Gegy,verified_event_ign,,,minecraft_profile_lookup,https://mc-api.io/profile/Gegy/java,INTERNATIONAL_CREATORS,4,experienced_minecraft_creator_noncompetitive,medium_low,https://reafystats.com/,Pride2025 participant roster,https://reafystats.com/,True,Gegy,True,high,True,3,strict_competitive_v3,experienced_minecraft_creator_noncompetitive,"Meaningful Minecraft experience, but no independent evidence justifying competitive T1/T2.",
geminitay,GeminiTay,GeminiTay,known_creator_handle_needs_profile_check,,,minecraft_profile_lookup,https://mc-api.io/profile/GeminiTay/java,INTERNATIONAL_CREATORS,4,experienced_minecraft_creator_noncompetitive,medium,https://hermitcraft.com/,HermitCraft official member/creator ecosystem,https://hermitcraft.com/,True,GeminiTay,True,medium_low,True,3,strict_competitive_v3,experienced_minecraft_creator_noncompetitive,"Meaningful Minecraft experience, but no independent evidence justifying competitive T1/T2.",
ghostiefruit,ghostiefruit,ghostiefruit,verified_event_ign,,,minecraft_profile_lookup,https://mc-api.io/profile/ghostiefruit/java,INTERNATIONAL_CREATORS,4,experienced_minecraft_creator_noncompetitive,medium_low,https://reafystats.com/,Pride2025 participant roster,https://reafystats.com/,True,ghostiefruit,True,high,True,3,strict_competitive_v3,experienced_minecraft_creator_noncompetitive,"Meaningful Minecraft experience, but no independent evidence justifying competitive T1/T2.",
gizzygazza,GizzyGazza,GizzyGazza,verified_event_ign,,,minecraft_profile_lookup,https://mc-api.io/profile/GizzyGazza/java,INTERNATIONAL_CREATORS,4,experienced_minecraft_creator_noncompetitive,medium_low,https://reafystats.com/,MCC27 participant roster,https://reafystats.com/,True,GizzyGazza,True,high,True,3,strict_competitive_v3,experienced_minecraft_creator_noncompetitive,"Meaningful Minecraft experience, but no independent evidence justifying competitive T1/T2.",
goldenglare,GoldenGlare,GoldenGlare,verified_event_ign,,,minecraft_profile_lookup,https://mc-api.io/profile/GoldenGlare/java,INTERNATIONAL_CREATORS,4,experienced_minecraft_creator_noncompetitive,medium_low,https://reafystats.com/,MCC27 participant roster,https://reafystats.com/,True,GoldenGlare,True,high,True,3,strict_competitive_v3,experienced_minecraft_creator_noncompetitive,"Meaningful Minecraft experience, but no independent evidence justifying competitive T1/T2.",
goodtimeswithscar,GoodTimesWithScar,,unresolved_invalid_java_name_syntax,,,minecraft_profile_lookup,,INTERNATIONAL_CREATORS,4,experienced_minecraft_creator_noncompetitive,medium,https://hermitcraft.com/,HermitCraft official member/creator ecosystem,https://hermitcraft.com/,True,GoodTimesWithScar,False,low,True,3,strict_competitive_v3,experienced_minecraft_creator_noncompetitive,"Meaningful Minecraft experience, but no independent evidence justifying competitive T1/T2.",
grian,Grian,Grian,known_creator_handle_needs_profile_check,,,minecraft_profile_lookup,https://mc-api.io/profile/Grian/java,INTERNATIONAL_CREATORS,4,experienced_minecraft_creator_noncompetitive,medium,https://hermitcraft.com/,HermitCraft official member/creator ecosystem,https://hermitcraft.com/,True,Grian,True,medium_low,True,3,strict_competitive_v3,experienced_minecraft_creator_noncompetitive,"Meaningful Minecraft experience, but no independent evidence justifying competitive T1/T2.",
guqqie,Guqqie,Guqqie,verified_event_ign,,,minecraft_profile_lookup,https://mc-api.io/profile/Guqqie/java,INTERNATIONAL_CREATORS,4,experienced_minecraft_creator_noncompetitive,medium_low,https://reafystats.com/,MCCS4Kickoff participant roster,https://reafystats.com/,True,Guqqie,True,high,True,3,strict_competitive_v3,experienced_minecraft_creator_noncompetitive,"Meaningful Minecraft experience, but no independent evidence justifying competitive T1/T2.",
hannahxxrose,Hannahxxrose,Hannahxxrose,verified_event_ign,,,minecraft_profile_lookup,https://mc-api.io/profile/Hannahxxrose/java,INTERNATIONAL_CREATORS,4,experienced_minecraft_creator_noncompetitive,medium_low,https://reafystats.com/,MCC27 participant roster,https://reafystats.com/,True,Hannahxxrose,True,high,True,3,strict_competitive_v3,experienced_minecraft_creator_noncompetitive,"Meaningful Minecraft experience, but no independent evidence justifying competitive T1/T2.",
hypnotizd,hypnotizd,hypnotizd,known_creator_handle_needs_profile_check,,,minecraft_profile_lookup,https://mc-api.io/profile/hypnotizd/java,INTERNATIONAL_CREATORS,4,experienced_minecraft_creator_noncompetitive,medium_low,https://hermitcraft.com/,HermitCraft official member/creator ecosystem,https://hermitcraft.com/,True,hypnotizd,True,medium_low,True,3,strict_competitive_v3,experienced_minecraft_creator_noncompetitive,"Meaningful Minecraft experience, but no independent evidence justifying competitive T1/T2.",
iballisticsquid,iBallisticSquid,iBallisticSquid,known_creator_handle_needs_profile_check,,,minecraft_profile_lookup,https://mc-api.io/profile/iBallisticSquid/java,INTERNATIONAL_CREATORS,4,experienced_minecraft_creator_noncompetitive,medium_low,https://en.wikipedia.org/wiki/CaptainSparklez,Historical Minecraft creator curation,https://en.wikipedia.org/wiki/CaptainSparklez,True,iBallisticSquid,True,medium_low,True,3,strict_competitive_v3,experienced_minecraft_creator_noncompetitive,"Meaningful Minecraft experience, but no independent evidence justifying competitive T1/T2.",
ihascupquake,iHasCupquake,iHasCupquake,verified_event_ign,,,minecraft_profile_lookup,https://mc-api.io/profile/iHasCupquake/java,INTERNATIONAL_CREATORS,4,experienced_minecraft_creator_noncompetitive,medium_low,https://reafystats.com/,MCC1 participant roster,https://reafystats.com/,True,iHasCupquake,True,high,True,3,strict_competitive_v3,experienced_minecraft_creator_noncompetitive,"Meaningful Minecraft experience, but no independent evidence justifying competitive T1/T2.",
ijevin,iJevin,iJevin,verified_event_ign,,,minecraft_profile_lookup,https://mc-api.io/profile/iJevin/java,INTERNATIONAL_CREATORS,4,experienced_minecraft_creator_noncompetitive,medium_low,https://reafystats.com/,MCC1 participant roster,https://reafystats.com/,True,iJevin,True,high,True,3,strict_competitive_v3,experienced_minecraft_creator_noncompetitive,"Meaningful Minecraft experience, but no independent evidence justifying competitive T1/T2.",
impulsesv,ImpulseSV,ImpulseSV,known_creator_handle_needs_profile_check,,,minecraft_profile_lookup,https://mc-api.io/profile/ImpulseSV/java,INTERNATIONAL_CREATORS,4,experienced_minecraft_creator_noncompetitive,medium_low,https://hermitcraft.com/,HermitCraft official member/creator ecosystem,https://hermitcraft.com/,True,ImpulseSV,True,medium_low,True,3,strict_competitive_v3,experienced_minecraft_creator_noncompetitive,"Meaningful Minecraft experience, but no independent evidence justifying competitive T1/T2.",
infume,Infume,Infume,known_creator_handle_needs_profile_check,,,minecraft_profile_lookup,https://mc-api.io/profile/Infume/java,INTERNATIONAL_CREATORS,4,experienced_minecraft_creator_noncompetitive,medium_low,https://lifesteal.fandom.com/wiki/Every_Lifesteal_Member,Lifesteal SMP competitive creator roster,https://lifesteal.fandom.com/wiki/Every_Lifesteal_Member,True,Infume,True,medium_low,True,3,strict_competitive_v3,experienced_minecraft_creator_noncompetitive,"Meaningful Minecraft experience, but no independent evidence justifying competitive T1/T2.",
inthelittlewood,InTheLittleWood,InTheLittleWood,verified_event_ign,,,minecraft_profile_lookup,https://mc-api.io/profile/InTheLittleWood/java,INTERNATIONAL_CREATORS,4,experienced_minecraft_creator_noncompetitive,medium_low,https://reafystats.com/,MCC1 participant roster,https://reafystats.com/,True,InTheLittleWood,True,high,True,3,strict_competitive_v3,experienced_minecraft_creator_noncompetitive,"Meaningful Minecraft experience, but no independent evidence justifying competitive T1/T2.",
iskall85,iskall85,iskall85,verified_event_ign,,,minecraft_profile_lookup,https://mc-api.io/profile/iskall85/java,INTERNATIONAL_CREATORS,4,experienced_minecraft_creator_noncompetitive,medium_low,https://reafystats.com/,MCCS4Kickoff participant roster,https://reafystats.com/,True,iskall85,True,high,True,3,strict_competitive_v3,experienced_minecraft_creator_noncompetitive,"Meaningful Minecraft experience, but no independent evidence justifying competitive T1/T2.",
itsfunneh,ItsFunneh,ItsFunneh,verified_event_ign,,,minecraft_profile_lookup,https://mc-api.io/profile/ItsFunneh/java,INTERNATIONAL_CREATORS,4,experienced_minecraft_creator_noncompetitive,medium_low,https://reafystats.com/,MCC27 participant roster,https://reafystats.com/,True,ItsFunneh,True,high,True,3,strict_competitive_v3,experienced_minecraft_creator_noncompetitive,"Meaningful Minecraft experience, but no independent evidence justifying competitive T1/T2.",
itzsubz,ItzSubz,ItzSubz,known_creator_handle_needs_profile_check,,,minecraft_profile_lookup,https://mc-api.io/profile/ItzSubz/java,INTERNATIONAL_CREATORS,4,experienced_minecraft_creator_noncompetitive,medium_low,https://lifesteal.fandom.com/wiki/Every_Lifesteal_Member,Lifesteal SMP competitive creator roster,https://lifesteal.fandom.com/wiki/Every_Lifesteal_Member,True,ItzSubz,True,medium_low,True,3,strict_competitive_v3,experienced_minecraft_creator_noncompetitive,"Meaningful Minecraft experience, but no independent evidence justifying competitive T1/T2.",
jacksucksatlife,JackSucksAtLife,JackSucksAtLife,verified_event_ign,,,minecraft_profile_lookup,https://mc-api.io/profile/JackSucksAtLife/java,INTERNATIONAL_CREATORS,4,experienced_minecraft_creator_noncompetitive,medium_low,https://reafystats.com/,MCC1 participant roster,https://reafystats.com/,True,JackSucksAtLife,True,high,True,3,strict_competitive_v3,experienced_minecraft_creator_noncompetitive,"Meaningful Minecraft experience, but no independent evidence justifying competitive T1/T2.",
jameskii,Jameskii,Jameskii,verified_event_ign,,,minecraft_profile_lookup,https://mc-api.io/profile/Jameskii/java,INTERNATIONAL_CREATORS,4,experienced_minecraft_creator_noncompetitive,medium_low,https://reafystats.com/,MCC1 participant roster,https://reafystats.com/,True,Jameskii,True,high,True,3,strict_competitive_v3,experienced_minecraft_creator_noncompetitive,"Meaningful Minecraft experience, but no independent evidence justifying competitive T1/T2.",
jamesmarriott,JamesMarriott,JamesMarriott,verified_event_ign,,,minecraft_profile_lookup,https://mc-api.io/profile/JamesMarriott/java,INTERNATIONAL_CREATORS,4,experienced_minecraft_creator_noncompetitive,medium_low,https://reafystats.com/,MCC27 participant roster,https://reafystats.com/,True,JamesMarriott,True,high,True,3,strict_competitive_v3,experienced_minecraft_creator_noncompetitive,"Meaningful Minecraft experience, but no independent evidence justifying competitive T1/T2.",
jamesturner,JamesTurner,JamesTurner,verified_event_ign,,,minecraft_profile_lookup,https://mc-api.io/profile/JamesTurner/java,INTERNATIONAL_CREATORS,4,experienced_minecraft_creator_noncompetitive,medium_low,https://reafystats.com/,MCC1 participant roster,https://reafystats.com/,True,JamesTurner,True,high,True,3,strict_competitive_v3,experienced_minecraft_creator_noncompetitive,"Meaningful Minecraft experience, but no independent evidence justifying competitive T1/T2.",
jcthecaster,JcTheCaster,JcTheCaster,verified_event_ign,,,minecraft_profile_lookup,https://mc-api.io/profile/JcTheCaster/java,INTERNATIONAL_CREATORS,4,experienced_minecraft_creator_noncompetitive,medium_low,https://reafystats.com/,MCC1 participant roster,https://reafystats.com/,True,JcTheCaster,True,high,True,3,strict_competitive_v3,experienced_minecraft_creator_noncompetitive,"Meaningful Minecraft experience, but no independent evidence justifying competitive T1/T2.",
jeremyfrieser,JeremyFrieser,JeremyFrieser,verified_event_ign,,,minecraft_profile_lookup,https://mc-api.io/profile/JeremyFrieser/java,INTERNATIONAL_CREATORS,4,experienced_minecraft_creator_noncompetitive,medium_low,https://reafystats.com/,ColourTheWorld participant roster,https://reafystats.com/,True,JeremyFrieser,True,high,True,3,strict_competitive_v3,experienced_minecraft_creator_noncompetitive,"Meaningful Minecraft experience, but no independent evidence justifying competitive T1/T2.",
jeromeasf,JeromeASF,JeromeASF,known_creator_handle_needs_profile_check,,,minecraft_profile_lookup,https://mc-api.io/profile/JeromeASF/java,INTERNATIONAL_CREATORS,4,experienced_minecraft_creator_noncompetitive,medium,https://en.wikipedia.org/wiki/CaptainSparklez,Historical Minecraft creator curation,https://en.wikipedia.org/wiki/CaptainSparklez,True,JeromeASF,True,medium_low,True,3,strict_competitive_v3,experienced_minecraft_creator_noncompetitive,"Meaningful Minecraft experience, but no independent evidence justifying competitive T1/T2.",
jltomy,JLTomy,JLTomy,verified_event_ign,,,minecraft_profile_lookup,https://mc-api.io/profile/JLTomy/java,INTERNATIONAL_CREATORS,4,experienced_minecraft_creator_noncompetitive,medium_low,https://reafystats.com/,ColourTheWorld participant roster,https://reafystats.com/,True,JLTomy,True,high,True,3,strict_competitive_v3,experienced_minecraft_creator_noncompetitive,"Meaningful Minecraft experience, but no independent evidence justifying competitive T1/T2.",
joehills,JoeHills,JoeHills,known_creator_handle_needs_profile_check,,,minecraft_profile_lookup,https://mc-api.io/profile/JoeHills/java,INTERNATIONAL_CREATORS,4,experienced_minecraft_creator_noncompetitive,medium_low,https://hermitcraft.com/,HermitCraft official member/creator ecosystem,https://hermitcraft.com/,True,JoeHills,True,medium_low,True,3,strict_competitive_v3,experienced_minecraft_creator_noncompetitive,"Meaningful Minecraft experience, but no independent evidence justifying competitive T1/T2.",
joeygraceffa,JoeyGraceffa,JoeyGraceffa,verified_event_ign,,,minecraft_profile_lookup,https://mc-api.io/profile/JoeyGraceffa/java,INTERNATIONAL_CREATORS,4,experienced_minecraft_creator_noncompetitive,medium_low,https://reafystats.com/,MCC1 participant roster,https://reafystats.com/,True,JoeyGraceffa,True,high,True,3,strict_competitive_v3,experienced_minecraft_creator_noncompetitive,"Meaningful Minecraft experience, but no independent evidence justifying competitive T1/T2.",
jumperwho,JumperWho,JumperWho,known_creator_handle_needs_profile_check,,,minecraft_profile_lookup,https://mc-api.io/profile/JumperWho/java,INTERNATIONAL_CREATORS,4,experienced_minecraft_creator_noncompetitive,medium_low,https://lifesteal.fandom.com/wiki/Every_Lifesteal_Member,Lifesteal SMP competitive creator roster,https://lifesteal.fandom.com/wiki/Every_Lifesteal_Member,True,JumperWho,True,medium_low,True,3,strict_competitive_v3,experienced_minecraft_creator_noncompetitive,"Meaningful Minecraft experience, but no independent evidence justifying competitive T1/T2.",
jvckbears,jvckbears,jvckbears,verified_event_ign,,,minecraft_profile_lookup,https://mc-api.io/profile/jvckbears/java,INTERNATIONAL_CREATORS,4,experienced_minecraft_creator_noncompetitive,medium_low,https://reafystats.com/,ColourTheWorld participant roster,https://reafystats.com/,True,jvckbears,True,high,True,3,strict_competitive_v3,experienced_minecraft_creator_noncompetitive,"Meaningful Minecraft experience, but no independent evidence justifying competitive T1/T2.",
karacorvus,KaraCorvus,KaraCorvus,verified_event_ign,,,minecraft_profile_lookup,https://mc-api.io/profile/KaraCorvus/java,INTERNATIONAL_CREATORS,4,experienced_minecraft_creator_noncompetitive,medium_low,https://reafystats.com/,MCC1 participant roster,https://reafystats.com/,True,KaraCorvus,True,high,True,3,strict_competitive_v3,experienced_minecraft_creator_noncompetitive,"Meaningful Minecraft experience, but no independent evidence justifying competitive T1/T2.",
katherineelizabeth,Katherineelizabeth,,unresolved_invalid_java_name_syntax,,,minecraft_profile_lookup,,INTERNATIONAL_CREATORS,4,experienced_minecraft_creator_noncompetitive,medium_low,https://reafystats.com/,MCC6 participant roster,https://reafystats.com/,True,Katherineelizabeth,False,low,True,3,strict_competitive_v3,experienced_minecraft_creator_noncompetitive,"Meaningful Minecraft experience, but no independent evidence justifying competitive T1/T2.",
keralis,Keralis,Keralis,known_creator_handle_needs_profile_check,,,minecraft_profile_lookup,https://mc-api.io/profile/Keralis/java,INTERNATIONAL_CREATORS,4,experienced_minecraft_creator_noncompetitive,medium_low,https://hermitcraft.com/,HermitCraft official member/creator ecosystem,https://hermitcraft.com/,True,Keralis,True,medium_low,True,3,strict_competitive_v3,experienced_minecraft_creator_noncompetitive,"Meaningful Minecraft experience, but no independent evidence justifying competitive T1/T2.",
kingburren,KingBurren,KingBurren,verified_event_ign,,,minecraft_profile_lookup,https://mc-api.io/profile/KingBurren/java,INTERNATIONAL_CREATORS,4,experienced_minecraft_creator_noncompetitive,medium_low,https://reafystats.com/,MCC1 participant roster,https://reafystats.com/,True,KingBurren,True,high,True,3,strict_competitive_v3,experienced_minecraft_creator_noncompetitive,"Meaningful Minecraft experience, but no independent evidence justifying competitive T1/T2.",
kreekcraft,Kreekcraft,Kreekcraft,verified_event_ign,,,minecraft_profile_lookup,https://mc-api.io/profile/Kreekcraft/java,INTERNATIONAL_CREATORS,4,experienced_minecraft_creator_noncompetitive,medium_low,https://reafystats.com/,MCC27 participant roster,https://reafystats.com/,True,Kreekcraft,True,high,True,3,strict_competitive_v3,experienced_minecraft_creator_noncompetitive,"Meaningful Minecraft experience, but no independent evidence justifying competitive T1/T2.",
krinios,Krinios,Krinios,verified_event_ign,,,minecraft_profile_lookup,https://mc-api.io/profile/Krinios/java,INTERNATIONAL_CREATORS,4,experienced_minecraft_creator_noncompetitive,medium_low,https://reafystats.com/,MCC6 participant roster,https://reafystats.com/,True,Krinios,True,high,True,3,strict_competitive_v3,experienced_minecraft_creator_noncompetitive,"Meaningful Minecraft experience, but no independent evidence justifying competitive T1/T2.",
kryticzeuz,KryticZeuZ,KryticZeuZ,verified_event_ign,,,minecraft_profile_lookup,https://mc-api.io/profile/KryticZeuZ/java,INTERNATIONAL_CREATORS,4,experienced_minecraft_creator_noncompetitive,medium_low,https://reafystats.com/,MCC1 participant roster,https://reafystats.com/,True,KryticZeuZ,True,high,True,3,strict_competitive_v3,experienced_minecraft_creator_noncompetitive,"Meaningful Minecraft experience, but no independent evidence justifying competitive T1/T2.",
lachlan,Lachlan,Lachlan,known_creator_handle_needs_profile_check,,,minecraft_profile_lookup,https://mc-api.io/profile/Lachlan/java,INTERNATIONAL_CREATORS,4,experienced_minecraft_creator_noncompetitive,medium_low,https://noxcrew.com/mcc,Recognized Minecraft creator/pro curation,https://noxcrew.com/mcc,True,Lachlan,True,medium_low,True,3,strict_competitive_v3,experienced_minecraft_creator_noncompetitive,"Meaningful Minecraft experience, but no independent evidence justifying competitive T1/T2.",
leowook,Leowook,Leowook,known_creator_handle_needs_profile_check,,,minecraft_profile_lookup,https://mc-api.io/profile/Leowook/java,INTERNATIONAL_CREATORS,4,experienced_minecraft_creator_noncompetitive,medium_low,https://lifesteal.fandom.com/wiki/Every_Lifesteal_Member,Lifesteal SMP competitive creator roster,https://lifesteal.fandom.com/wiki/Every_Lifesteal_Member,True,Leowook,True,medium_low,True,3,strict_competitive_v3,experienced_minecraft_creator_noncompetitive,"Meaningful Minecraft experience, but no independent evidence justifying competitive T1/T2.",
letshugo,LetsHugo,LetsHugo,verified_event_ign,,,minecraft_profile_lookup,https://mc-api.io/profile/LetsHugo/java,INTERNATIONAL_CREATORS,4,experienced_minecraft_creator_noncompetitive,medium_low,https://reafystats.com/,ColourTheWorld participant roster,https://reafystats.com/,True,LetsHugo,True,high,True,3,strict_competitive_v3,experienced_minecraft_creator_noncompetitive,"Meaningful Minecraft experience, but no independent evidence justifying competitive T1/T2.",
lexiemariex,LexieMariex,LexieMariex,verified_event_ign,,,minecraft_profile_lookup,https://mc-api.io/profile/LexieMariex/java,INTERNATIONAL_CREATORS,4,experienced_minecraft_creator_noncompetitive,medium_low,https://reafystats.com/,ColourTheWorld participant roster,https://reafystats.com/,True,LexieMariex,True,high,True,3,strict_competitive_v3,experienced_minecraft_creator_noncompetitive,"Meaningful Minecraft experience, but no independent evidence justifying competitive T1/T2.",
linktijger,LinkTijger,LinkTijger,verified_event_ign,,,minecraft_profile_lookup,https://mc-api.io/profile/LinkTijger/java,INTERNATIONAL_CREATORS,4,experienced_minecraft_creator_noncompetitive,medium_low,https://reafystats.com/,ColourTheWorld participant roster,https://reafystats.com/,True,LinkTijger,True,high,True,3,strict_competitive_v3,experienced_minecraft_creator_noncompetitive,"Meaningful Minecraft experience, but no independent evidence justifying competitive T1/T2.",
manepear,ManePear,ManePear,known_creator_handle_needs_profile_check,,,minecraft_profile_lookup,https://mc-api.io/profile/ManePear/java,INTERNATIONAL_CREATORS,4,experienced_minecraft_creator_noncompetitive,medium_low,https://lifesteal.fandom.com/wiki/Every_Lifesteal_Member,Lifesteal SMP competitive creator roster,https://lifesteal.fandom.com/wiki/Every_Lifesteal_Member,True,ManePear,True,medium_low,True,3,strict_competitive_v3,experienced_minecraft_creator_noncompetitive,"Meaningful Minecraft experience, but no independent evidence justifying competitive T1/T2.",
mefs,Mefs,Mefs,verified_event_ign,,,minecraft_profile_lookup,https://mc-api.io/profile/Mefs/java,INTERNATIONAL_CREATORS,4,experienced_minecraft_creator_noncompetitive,medium_low,https://reafystats.com/,MCC6 participant roster,https://reafystats.com/,True,Mefs,True,high,True,3,strict_competitive_v3,experienced_minecraft_creator_noncompetitive,"Meaningful Minecraft experience, but no independent evidence justifying competitive T1/T2.",
michaelmcchill,Michaelmcchill,Michaelmcchill,verified_event_ign,,,minecraft_profile_lookup,https://mc-api.io/profile/Michaelmcchill/java,INTERNATIONAL_CREATORS,4,experienced_minecraft_creator_noncompetitive,medium_low,https://reafystats.com/,MCC1 participant roster,https://reafystats.com/,True,Michaelmcchill,True,high,True,3,strict_competitive_v3,experienced_minecraft_creator_noncompetitive,"Meaningful Minecraft experience, but no independent evidence justifying competitive T1/T2.",
minimuka,MiniMuka,MiniMuka,verified_event_ign,,,minecraft_profile_lookup,https://mc-api.io/profile/MiniMuka/java,INTERNATIONAL_CREATORS,4,experienced_minecraft_creator_noncompetitive,medium_low,https://reafystats.com/,MCC6 participant roster,https://reafystats.com/,True,MiniMuka,True,high,True,3,strict_competitive_v3,experienced_minecraft_creator_noncompetitive,"Meaningful Minecraft experience, but no independent evidence justifying competitive T1/T2.",
mumbojumbo,MumboJumbo,MumboJumbo,known_creator_handle_needs_profile_check,,,minecraft_profile_lookup,https://mc-api.io/profile/MumboJumbo/java,INTERNATIONAL_CREATORS,4,experienced_minecraft_creator_noncompetitive,medium,https://hermitcraft.com/,HermitCraft official member/creator ecosystem,https://hermitcraft.com/,True,MumboJumbo,True,medium_low,True,3,strict_competitive_v3,experienced_minecraft_creator_noncompetitive,"Meaningful Minecraft experience, but no independent evidence justifying competitive T1/T2.",
mysticat,Mysticat,Mysticat,verified_event_ign,,,minecraft_profile_lookup,https://mc-api.io/profile/Mysticat/java,INTERNATIONAL_CREATORS,4,experienced_minecraft_creator_noncompetitive,medium_low,https://reafystats.com/,Pride2025 participant roster,https://reafystats.com/,True,Mysticat,True,high,True,3,strict_competitive_v3,experienced_minecraft_creator_noncompetitive,"Meaningful Minecraft experience, but no independent evidence justifying competitive T1/T2.",
mythicalsausage,MythicalSausage,MythicalSausage,verified_event_ign,,,minecraft_profile_lookup,https://mc-api.io/profile/MythicalSausage/java,INTERNATIONAL_CREATORS,4,experienced_minecraft_creator_noncompetitive,medium_low,https://reafystats.com/,MCC31 participant roster,https://reafystats.com/,True,MythicalSausage,True,high,True,3,strict_competitive_v3,experienced_minecraft_creator_noncompetitive,"Meaningful Minecraft experience, but no independent evidence justifying competitive T1/T2.",
nettyplays,NettyPlays,NettyPlays,verified_event_ign,,,minecraft_profile_lookup,https://mc-api.io/profile/NettyPlays/java,INTERNATIONAL_CREATORS,4,experienced_minecraft_creator_noncompetitive,medium_low,https://reafystats.com/,MCC1 participant roster,https://reafystats.com/,True,NettyPlays,True,high,True,3,strict_competitive_v3,experienced_minecraft_creator_noncompetitive,"Meaningful Minecraft experience, but no independent evidence justifying competitive T1/T2.",
noooreax,noooreax,noooreax,verified_event_ign,,,minecraft_profile_lookup,https://mc-api.io/profile/noooreax/java,INTERNATIONAL_CREATORS,4,experienced_minecraft_creator_noncompetitive,medium_low,https://reafystats.com/,ColourTheWorld participant roster,https://reafystats.com/,True,noooreax,True,high,True,3,strict_competitive_v3,experienced_minecraft_creator_noncompetitive,"Meaningful Minecraft experience, but no independent evidence justifying competitive T1/T2.",
orionsound,OrionSound,OrionSound,verified_event_ign,,,minecraft_profile_lookup,https://mc-api.io/profile/OrionSound/java,INTERNATIONAL_CREATORS,4,experienced_minecraft_creator_noncompetitive,medium_low,https://reafystats.com/,MCC6 participant roster,https://reafystats.com/,True,OrionSound,True,high,True,3,strict_competitive_v3,experienced_minecraft_creator_noncompetitive,"Meaningful Minecraft experience, but no independent evidence justifying competitive T1/T2.",
pangi,Pangi,Pangi,verified_event_ign,,,minecraft_profile_lookup,https://mc-api.io/profile/Pangi/java,INTERNATIONAL_CREATORS,4,experienced_minecraft_creator_noncompetitive,medium_low,https://reafystats.com/,ColourTheWorld participant roster,https://reafystats.com/,True,Pangi,True,high,True,3,strict_competitive_v3,experienced_minecraft_creator_noncompetitive,"Meaningful Minecraft experience, but no independent evidence justifying competitive T1/T2.",
parrot,Parrot,Parrot,known_creator_handle_needs_profile_check,,,minecraft_profile_lookup,https://mc-api.io/profile/Parrot/java,INTERNATIONAL_CREATORS,4,experienced_minecraft_creator_noncompetitive,medium_low,https://lifesteal.fandom.com/wiki/Every_Lifesteal_Member,Lifesteal SMP competitive creator roster,https://lifesteal.fandom.com/wiki/Every_Lifesteal_Member,True,Parrot,True,medium_low,True,3,strict_competitive_v3,experienced_minecraft_creator_noncompetitive,"Meaningful Minecraft experience, but no independent evidence justifying competitive T1/T2.",
pearlescentmoon,PearlescentMoon,PearlescentMoon,known_creator_handle_needs_profile_check,,,minecraft_profile_lookup,https://mc-api.io/profile/PearlescentMoon/java,INTERNATIONAL_CREATORS,4,experienced_minecraft_creator_noncompetitive,medium_low,https://hermitcraft.com/,HermitCraft official member/creator ecosystem,https://hermitcraft.com/,True,PearlescentMoon,True,medium_low,True,3,strict_competitive_v3,experienced_minecraft_creator_noncompetitive,"Meaningful Minecraft experience, but no independent evidence justifying competitive T1/T2.",
ph1lza,Ph1LzA,Ph1LzA,known_creator_handle_needs_profile_check,,,minecraft_profile_lookup,https://mc-api.io/profile/Ph1LzA/java,INTERNATIONAL_CREATORS,4,experienced_minecraft_creator_noncompetitive,medium,https://noxcrew.com/mcc,Dream SMP creator roster,https://en.wikipedia.org/wiki/Dream_SMP,True,Ph1LzA,True,medium_low,True,2,strict_competitive_v3,experienced_minecraft_creator_noncompetitive,"Meaningful Minecraft experience, but no independent evidence justifying competitive T1/T2.",
planetlord,PlanetLord,PlanetLord,known_creator_handle_needs_profile_check,,,minecraft_profile_lookup,https://mc-api.io/profile/PlanetLord/java,INTERNATIONAL_CREATORS,4,experienced_minecraft_creator_noncompetitive,medium_low,https://lifesteal.fandom.com/wiki/Every_Lifesteal_Member,Lifesteal SMP competitive creator roster,https://lifesteal.fandom.com/wiki/Every_Lifesteal_Member,True,PlanetLord,True,medium_low,True,3,strict_competitive_v3,experienced_minecraft_creator_noncompetitive,"Meaningful Minecraft experience, but no independent evidence justifying competitive T1/T2.",
ponk,Ponk,Ponk,verified_event_ign,,,minecraft_profile_lookup,https://mc-api.io/profile/Ponk/java,INTERNATIONAL_CREATORS,4,experienced_minecraft_creator_noncompetitive,medium_low,https://reafystats.com/,MCC20 participant roster,https://reafystats.com/,True,Ponk,True,high,True,3,strict_competitive_v3,experienced_minecraft_creator_noncompetitive,"Meaningful Minecraft experience, but no independent evidence justifying competitive T1/T2.",
presssea,Presssea,Presssea,verified_event_ign,,,minecraft_profile_lookup,https://mc-api.io/profile/Presssea/java,INTERNATIONAL_CREATORS,4,experienced_minecraft_creator_noncompetitive,medium_low,https://reafystats.com/,BlankCanvas participant roster,https://reafystats.com/,True,Presssea,True,high,True,3,strict_competitive_v3,experienced_minecraft_creator_noncompetitive,"Meaningful Minecraft experience, but no independent evidence justifying competitive T1/T2.",
rafessor,Rafessor,Rafessor,verified_event_ign,,,minecraft_profile_lookup,https://mc-api.io/profile/Rafessor/java,INTERNATIONAL_CREATORS,4,experienced_minecraft_creator_noncompetitive,medium_low,https://reafystats.com/,MCC1 participant roster,https://reafystats.com/,True,Rafessor,True,high,True,3,strict_competitive_v3,experienced_minecraft_creator_noncompetitive,"Meaningful Minecraft experience, but no independent evidence justifying competitive T1/T2.",
rainbow,Rainbow,Rainbow,verified_event_ign,,,minecraft_profile_lookup,https://mc-api.io/profile/Rainbow/java,INTERNATIONAL_CREATORS,4,experienced_minecraft_creator_noncompetitive,medium_low,https://reafystats.com/,MCC27 participant roster,https://reafystats.com/,True,Rainbow,True,high,True,3,strict_competitive_v3,experienced_minecraft_creator_noncompetitive,"Meaningful Minecraft experience, but no independent evidence justifying competitive T1/T2.",
reddoons,Reddoons,Reddoons,known_creator_handle_needs_profile_check,,,minecraft_profile_lookup,https://mc-api.io/profile/Reddoons/java,INTERNATIONAL_CREATORS,4,experienced_minecraft_creator_noncompetitive,medium_low,https://lifesteal.fandom.com/wiki/Every_Lifesteal_Member,Lifesteal SMP competitive creator roster,https://lifesteal.fandom.com/wiki/Every_Lifesteal_Member,True,Reddoons,True,medium_low,True,3,strict_competitive_v3,experienced_minecraft_creator_noncompetitive,"Meaningful Minecraft experience, but no independent evidence justifying competitive T1/T2.",
redvelvetcake,RedVelvetCake,RedVelvetCake,verified_event_ign,,,minecraft_profile_lookup,https://mc-api.io/profile/RedVelvetCake/java,INTERNATIONAL_CREATORS,4,experienced_minecraft_creator_noncompetitive,medium_low,https://reafystats.com/,MCC27 participant roster,https://reafystats.com/,True,RedVelvetCake,True,high,True,3,strict_competitive_v3,experienced_minecraft_creator_noncompetitive,"Meaningful Minecraft experience, but no independent evidence justifying competitive T1/T2.",
rendog,Rendog,Rendog,verified_event_ign,,,minecraft_profile_lookup,https://mc-api.io/profile/Rendog/java,INTERNATIONAL_CREATORS,4,experienced_minecraft_creator_noncompetitive,medium_low,https://reafystats.com/,MCC6 participant roster,https://reafystats.com/,True,Rendog,True,high,True,3,strict_competitive_v3,experienced_minecraft_creator_noncompetitive,"Meaningful Minecraft experience, but no independent evidence justifying competitive T1/T2.",
roscumber,Roscumber,Roscumber,verified_event_ign,,,minecraft_profile_lookup,https://mc-api.io/profile/Roscumber/java,INTERNATIONAL_CREATORS,4,experienced_minecraft_creator_noncompetitive,medium_low,https://reafystats.com/,BlankCanvas participant roster,https://reafystats.com/,True,Roscumber,True,high,True,3,strict_competitive_v3,experienced_minecraft_creator_noncompetitive,"Meaningful Minecraft experience, but no independent evidence justifying competitive T1/T2.",
ryguyrocky,Ryguyrocky,Ryguyrocky,verified_event_ign,,,minecraft_profile_lookup,https://mc-api.io/profile/Ryguyrocky/java,INTERNATIONAL_CREATORS,4,experienced_minecraft_creator_noncompetitive,medium_low,https://reafystats.com/,MCC1 participant roster,https://reafystats.com/,True,Ryguyrocky,True,high,True,3,strict_competitive_v3,experienced_minecraft_creator_noncompetitive,"Meaningful Minecraft experience, but no independent evidence justifying competitive T1/T2.",
saiiren,Saiiren,Saiiren,verified_event_ign,,,minecraft_profile_lookup,https://mc-api.io/profile/Saiiren/java,INTERNATIONAL_CREATORS,4,experienced_minecraft_creator_noncompetitive,medium_low,https://reafystats.com/,ColourTheWorld participant roster,https://reafystats.com/,True,Saiiren,True,high,True,3,strict_competitive_v3,experienced_minecraft_creator_noncompetitive,"Meaningful Minecraft experience, but no independent evidence justifying competitive T1/T2.",
salc1,SalC1,SalC1,known_creator_handle_needs_profile_check,,,minecraft_profile_lookup,https://mc-api.io/profile/SalC1/java,INTERNATIONAL_CREATORS,4,experienced_minecraft_creator_noncompetitive,medium_low,https://noxcrew.com/mcc,Recognized Minecraft creator/pro curation,https://noxcrew.com/mcc,True,SalC1,True,medium_low,True,3,strict_competitive_v3,experienced_minecraft_creator_noncompetitive,"Meaningful Minecraft experience, but no independent evidence justifying competitive T1/T2.",
scotgriswold,ScotGriswold,ScotGriswold,verified_event_ign,,,minecraft_profile_lookup,https://mc-api.io/profile/ScotGriswold/java,INTERNATIONAL_CREATORS,4,experienced_minecraft_creator_noncompetitive,medium_low,https://reafystats.com/,MCC1 participant roster,https://reafystats.com/,True,ScotGriswold,True,high,True,3,strict_competitive_v3,experienced_minecraft_creator_noncompetitive,"Meaningful Minecraft experience, but no independent evidence justifying competitive T1/T2.",
settingsunset,SettingSunset,SettingSunset,verified_event_ign,,,minecraft_profile_lookup,https://mc-api.io/profile/SettingSunset/java,INTERNATIONAL_CREATORS,4,experienced_minecraft_creator_noncompetitive,medium_low,https://reafystats.com/,BlankCanvas participant roster,https://reafystats.com/,True,SettingSunset,True,high,True,3,strict_competitive_v3,experienced_minecraft_creator_noncompetitive,"Meaningful Minecraft experience, but no independent evidence justifying competitive T1/T2.",
shubble,Shubble,Shubble,verified_event_ign,,,minecraft_profile_lookup,https://mc-api.io/profile/Shubble/java,INTERNATIONAL_CREATORS,4,experienced_minecraft_creator_noncompetitive,medium_low,https://reafystats.com/,MCC1 participant roster,https://reafystats.com/,True,Shubble,True,high,True,3,strict_competitive_v3,experienced_minecraft_creator_noncompetitive,"Meaningful Minecraft experience, but no independent evidence justifying competitive T1/T2.",
skizzleman,Skizzleman,Skizzleman,verified_event_ign,,,minecraft_profile_lookup,https://mc-api.io/profile/Skizzleman/java,INTERNATIONAL_CREATORS,4,experienced_minecraft_creator_noncompetitive,medium_low,https://reafystats.com/,MCCS4Kickoff participant roster,https://reafystats.com/,True,Skizzleman,True,high,True,3,strict_competitive_v3,experienced_minecraft_creator_noncompetitive,"Meaningful Minecraft experience, but no independent evidence justifying competitive T1/T2.",
skyyartmc,SkyyartMC,SkyyartMC,verified_event_ign,,,minecraft_profile_lookup,https://mc-api.io/profile/SkyyartMC/java,INTERNATIONAL_CREATORS,4,experienced_minecraft_creator_noncompetitive,medium_low,https://reafystats.com/,ColourTheWorld participant roster,https://reafystats.com/,True,SkyyartMC,True,high,True,3,strict_competitive_v3,experienced_minecraft_creator_noncompetitive,"Meaningful Minecraft experience, but no independent evidence justifying competitive T1/T2.",
sleepai,sleepai,sleepai,verified_event_ign,,,minecraft_profile_lookup,https://mc-api.io/profile/sleepai/java,INTERNATIONAL_CREATORS,4,experienced_minecraft_creator_noncompetitive,medium_low,https://reafystats.com/,Pride2025 participant roster,https://reafystats.com/,True,sleepai,True,high,True,3,strict_competitive_v3,experienced_minecraft_creator_noncompetitive,"Meaningful Minecraft experience, but no independent evidence justifying competitive T1/T2.",
smallant,SmallAnt,SmallAnt,verified_event_ign,,,minecraft_profile_lookup,https://mc-api.io/profile/SmallAnt/java,INTERNATIONAL_CREATORS,4,experienced_minecraft_creator_noncompetitive,medium_low,https://reafystats.com/,MCCS4Kickoff participant roster,https://reafystats.com/,True,SmallAnt,True,high,True,3,strict_competitive_v3,experienced_minecraft_creator_noncompetitive,"Meaningful Minecraft experience, but no independent evidence justifying competitive T1/T2.",
smallishbeans,SmallishBeans,SmallishBeans,known_creator_handle_needs_profile_check,,,minecraft_profile_lookup,https://mc-api.io/profile/SmallishBeans/java,INTERNATIONAL_CREATORS,4,experienced_minecraft_creator_noncompetitive,medium,https://noxcrew.com/mcc,Recognized Minecraft creator/pro curation,https://noxcrew.com/mcc,True,SmallishBeans,True,medium_low,True,2,strict_competitive_v3,experienced_minecraft_creator_noncompetitive,"Meaningful Minecraft experience, but no independent evidence justifying competitive T1/T2.",
sneegsnag,Sneegsnag,Sneegsnag,verified_event_ign,,,minecraft_profile_lookup,https://mc-api.io/profile/Sneegsnag/java,INTERNATIONAL_CREATORS,4,experienced_minecraft_creator_noncompetitive,medium_low,https://reafystats.com/,MCC20 participant roster,https://reafystats.com/,True,Sneegsnag,True,high,True,3,strict_competitive_v3,experienced_minecraft_creator_noncompetitive,"Meaningful Minecraft experience, but no independent evidence justifying competitive T1/T2.",
snifferish,Snifferish,Snifferish,verified_event_ign,,,minecraft_profile_lookup,https://mc-api.io/profile/Snifferish/java,INTERNATIONAL_CREATORS,4,experienced_minecraft_creator_noncompetitive,medium_low,https://reafystats.com/,MCC31 participant roster,https://reafystats.com/,True,Snifferish,True,high,True,3,strict_competitive_v3,experienced_minecraft_creator_noncompetitive,"Meaningful Minecraft experience, but no independent evidence justifying competitive T1/T2.",
solidaritygaming,SolidarityGaming,SolidarityGaming,verified_event_ign,,,minecraft_profile_lookup,https://mc-api.io/profile/SolidarityGaming/java,INTERNATIONAL_CREATORS,4,experienced_minecraft_creator_noncompetitive,medium_low,https://reafystats.com/,MCC1 participant roster,https://reafystats.com/,True,SolidarityGaming,True,high,True,3,strict_competitive_v3,experienced_minecraft_creator_noncompetitive,"Meaningful Minecraft experience, but no independent evidence justifying competitive T1/T2.",
steph0sims,Steph0sims,Steph0sims,verified_event_ign,,,minecraft_profile_lookup,https://mc-api.io/profile/Steph0sims/java,INTERNATIONAL_CREATORS,4,experienced_minecraft_creator_noncompetitive,medium_low,https://reafystats.com/,MCC6 participant roster,https://reafystats.com/,True,Steph0sims,True,high,True,3,strict_competitive_v3,experienced_minecraft_creator_noncompetitive,"Meaningful Minecraft experience, but no independent evidence justifying competitive T1/T2.",
strawburry17,Strawburry17,Strawburry17,verified_event_ign,,,minecraft_profile_lookup,https://mc-api.io/profile/Strawburry17/java,INTERNATIONAL_CREATORS,4,experienced_minecraft_creator_noncompetitive,medium_low,https://reafystats.com/,MCC1 participant roster,https://reafystats.com/,True,Strawburry17,True,high,True,3,strict_competitive_v3,experienced_minecraft_creator_noncompetitive,"Meaningful Minecraft experience, but no independent evidence justifying competitive T1/T2.",
stressmonster101,Stressmonster101,Stressmonster101,known_creator_handle_needs_profile_check,,,minecraft_profile_lookup,https://mc-api.io/profile/Stressmonster101/java,INTERNATIONAL_CREATORS,4,experienced_minecraft_creator_noncompetitive,medium_low,https://hermitcraft.com/,HermitCraft official member/creator ecosystem,https://hermitcraft.com/,True,Stressmonster101,True,medium_low,True,3,strict_competitive_v3,experienced_minecraft_creator_noncompetitive,"Meaningful Minecraft experience, but no independent evidence justifying competitive T1/T2.",
sylvee,Sylvee,Sylvee,verified_event_ign,,,minecraft_profile_lookup,https://mc-api.io/profile/Sylvee/java,INTERNATIONAL_CREATORS,4,experienced_minecraft_creator_noncompetitive,medium_low,https://reafystats.com/,MCC6 participant roster,https://reafystats.com/,True,Sylvee,True,high,True,3,strict_competitive_v3,experienced_minecraft_creator_noncompetitive,"Meaningful Minecraft experience, but no independent evidence justifying competitive T1/T2.",
tango,Tango,Tango,known_creator_handle_needs_profile_check,,,minecraft_profile_lookup,https://mc-api.io/profile/Tango/java,INTERNATIONAL_CREATORS,4,experienced_minecraft_creator_noncompetitive,medium_low,https://hermitcraft.com/,HermitCraft official member/creator ecosystem,https://hermitcraft.com/,True,Tango,True,medium_low,True,3,strict_competitive_v3,experienced_minecraft_creator_noncompetitive,"Meaningful Minecraft experience, but no independent evidence justifying competitive T1/T2.",
tankmatt,TankMatt,TankMatt,verified_event_ign,,,minecraft_profile_lookup,https://mc-api.io/profile/TankMatt/java,INTERNATIONAL_CREATORS,4,experienced_minecraft_creator_noncompetitive,medium_low,https://reafystats.com/,MCC1 participant roster,https://reafystats.com/,True,TankMatt,True,high,True,3,strict_competitive_v3,experienced_minecraft_creator_noncompetitive,"Meaningful Minecraft experience, but no independent evidence justifying competitive T1/T2.",
thecampingrusher,TheCampingRusher,TheCampingRusher,known_creator_handle_needs_profile_check,,,minecraft_profile_lookup,https://mc-api.io/profile/TheCampingRusher/java,INTERNATIONAL_CREATORS,4,experienced_minecraft_creator_noncompetitive,medium_low,https://noxcrew.com/mcc,Recognized Minecraft creator/pro curation,https://noxcrew.com/mcc,True,TheCampingRusher,True,medium_low,True,3,strict_competitive_v3,experienced_minecraft_creator_noncompetitive,"Meaningful Minecraft experience, but no independent evidence justifying competitive T1/T2.",
theguill84,TheGuill84,TheGuill84,verified_event_ign,,,minecraft_profile_lookup,https://mc-api.io/profile/TheGuill84/java,INTERNATIONAL_CREATORS,4,experienced_minecraft_creator_noncompetitive,medium_low,https://reafystats.com/,ColourTheWorld participant roster,https://reafystats.com/,True,TheGuill84,True,high,True,3,strict_competitive_v3,experienced_minecraft_creator_noncompetitive,"Meaningful Minecraft experience, but no independent evidence justifying competitive T1/T2.",
thinknoodles,Thinknoodles,Thinknoodles,known_creator_handle_needs_profile_check,,,minecraft_profile_lookup,https://mc-api.io/profile/Thinknoodles/java,INTERNATIONAL_CREATORS,4,experienced_minecraft_creator_noncompetitive,medium,https://en.wikipedia.org/wiki/CaptainSparklez,Historical Minecraft creator curation,https://en.wikipedia.org/wiki/CaptainSparklez,True,Thinknoodles,True,medium_low,True,3,strict_competitive_v3,experienced_minecraft_creator_noncompetitive,"Meaningful Minecraft experience, but no independent evidence justifying competitive T1/T2.",
tommyinnit,TommyInnit,TommyInnit,known_creator_handle_needs_profile_check,,,minecraft_profile_lookup,https://mc-api.io/profile/TommyInnit/java,INTERNATIONAL_CREATORS,4,experienced_minecraft_creator_noncompetitive,medium,https://noxcrew.com/mcc,Dream SMP creator roster,https://en.wikipedia.org/wiki/Dream_SMP,True,TommyInnit,True,medium_low,True,2,strict_competitive_v3,experienced_minecraft_creator_noncompetitive,"Meaningful Minecraft experience, but no independent evidence justifying competitive T1/T2.",
tubbo,Tubbo,Tubbo,known_creator_handle_needs_profile_check,,,minecraft_profile_lookup,https://mc-api.io/profile/Tubbo/java,INTERNATIONAL_CREATORS,4,experienced_minecraft_creator_noncompetitive,medium_low,https://en.wikipedia.org/wiki/Dream_SMP,Dream SMP creator roster,https://en.wikipedia.org/wiki/Dream_SMP,True,Tubbo,True,medium_low,True,3,strict_competitive_v3,experienced_minecraft_creator_noncompetitive,"Meaningful Minecraft experience, but no independent evidence justifying competitive T1/T2.",
vgumiho,vGumiho,vGumiho,verified_event_ign,,,minecraft_profile_lookup,https://mc-api.io/profile/vGumiho/java,INTERNATIONAL_CREATORS,4,experienced_minecraft_creator_noncompetitive,medium_low,https://reafystats.com/,MCC20 participant roster,https://reafystats.com/,True,vGumiho,True,high,True,3,strict_competitive_v3,experienced_minecraft_creator_noncompetitive,"Meaningful Minecraft experience, but no independent evidence justifying competitive T1/T2.",
vikkstar,Vikkstar,Vikkstar,verified_event_ign,,,minecraft_profile_lookup,https://mc-api.io/profile/Vikkstar/java,INTERNATIONAL_CREATORS,4,experienced_minecraft_creator_noncompetitive,medium_low,https://reafystats.com/,MCC1 participant roster,https://reafystats.com/,True,Vikkstar,True,high,True,3,strict_competitive_v3,experienced_minecraft_creator_noncompetitive,"Meaningful Minecraft experience, but no independent evidence justifying competitive T1/T2.",
vintagebeef,VintageBeef,VintageBeef,known_creator_handle_needs_profile_check,,,minecraft_profile_lookup,https://mc-api.io/profile/VintageBeef/java,INTERNATIONAL_CREATORS,4,experienced_minecraft_creator_noncompetitive,medium_low,https://hermitcraft.com/,HermitCraft official member/creator ecosystem,https://hermitcraft.com/,True,VintageBeef,True,medium_low,True,3,strict_competitive_v3,experienced_minecraft_creator_noncompetitive,"Meaningful Minecraft experience, but no independent evidence justifying competitive T1/T2.",
vitalasy,Vitalasy,Vitalasy,known_creator_handle_needs_profile_check,,,minecraft_profile_lookup,https://mc-api.io/profile/Vitalasy/java,INTERNATIONAL_CREATORS,4,experienced_minecraft_creator_noncompetitive,medium_low,https://lifesteal.fandom.com/wiki/Every_Lifesteal_Member,Lifesteal SMP competitive creator roster,https://lifesteal.fandom.com/wiki/Every_Lifesteal_Member,True,Vitalasy,True,medium_low,True,3,strict_competitive_v3,experienced_minecraft_creator_noncompetitive,"Meaningful Minecraft experience, but no independent evidence justifying competitive T1/T2.",
vixella,Vixella,Vixella,verified_event_ign,,,minecraft_profile_lookup,https://mc-api.io/profile/Vixella/java,INTERNATIONAL_CREATORS,4,experienced_minecraft_creator_noncompetitive,medium_low,https://reafystats.com/,MCC1 participant roster,https://reafystats.com/,True,Vixella,True,high,True,3,strict_competitive_v3,experienced_minecraft_creator_noncompetitive,"Meaningful Minecraft experience, but no independent evidence justifying competitive T1/T2.",
welsknight,Welsknight,Welsknight,known_creator_handle_needs_profile_check,,,minecraft_profile_lookup,https://mc-api.io/profile/Welsknight/java,INTERNATIONAL_CREATORS,4,experienced_minecraft_creator_noncompetitive,medium_low,https://hermitcraft.com/,HermitCraft official member/creator ecosystem,https://hermitcraft.com/,True,Welsknight,True,medium_low,True,3,strict_competitive_v3,experienced_minecraft_creator_noncompetitive,"Meaningful Minecraft experience, but no independent evidence justifying competitive T1/T2.",
wichtiger,Wichtiger,Wichtiger,verified_event_ign,,,minecraft_profile_lookup,https://mc-api.io/profile/Wichtiger/java,INTERNATIONAL_CREATORS,4,experienced_minecraft_creator_noncompetitive,medium_low,https://reafystats.com/,ColourTheWorld participant roster,https://reafystats.com/,True,Wichtiger,True,high,True,3,strict_competitive_v3,experienced_minecraft_creator_noncompetitive,"Meaningful Minecraft experience, but no independent evidence justifying competitive T1/T2.",
wilbursoot,WilburSoot,WilburSoot,verified_event_ign,,,minecraft_profile_lookup,https://mc-api.io/profile/WilburSoot/java,INTERNATIONAL_CREATORS,4,experienced_minecraft_creator_noncompetitive,medium_low,https://reafystats.com/,MCC1 participant roster,https://reafystats.com/,True,WilburSoot,True,high,True,3,strict_competitive_v3,experienced_minecraft_creator_noncompetitive,"Meaningful Minecraft experience, but no independent evidence justifying competitive T1/T2.",
wisp,Wisp,Wisp,verified_event_ign,,,minecraft_profile_lookup,https://mc-api.io/profile/Wisp/java,INTERNATIONAL_CREATORS,4,experienced_minecraft_creator_noncompetitive,medium_low,https://reafystats.com/,MCC14 participant roster,https://reafystats.com/,True,Wisp,True,high,True,3,strict_competitive_v3,experienced_minecraft_creator_noncompetitive,"Meaningful Minecraft experience, but no independent evidence justifying competitive T1/T2.",
wolv21,Wolv21,Wolv21,verified_event_ign,,,minecraft_profile_lookup,https://mc-api.io/profile/Wolv21/java,INTERNATIONAL_CREATORS,4,experienced_minecraft_creator_noncompetitive,medium_low,https://reafystats.com/,MCC1 participant roster,https://reafystats.com/,True,Wolv21,True,high,True,3,strict_competitive_v3,experienced_minecraft_creator_noncompetitive,"Meaningful Minecraft experience, but no independent evidence justifying competitive T1/T2.",
xbcrafted,xBCrafted,xBCrafted,known_creator_handle_needs_profile_check,,,minecraft_profile_lookup,https://mc-api.io/profile/xBCrafted/java,INTERNATIONAL_CREATORS,4,experienced_minecraft_creator_noncompetitive,medium_low,https://hermitcraft.com/,HermitCraft official member/creator ecosystem,https://hermitcraft.com/,True,xBCrafted,True,medium_low,True,3,strict_competitive_v3,experienced_minecraft_creator_noncompetitive,"Meaningful Minecraft experience, but no independent evidence justifying competitive T1/T2.",
xisuma,Xisuma,Xisuma,verified_event_ign,,,minecraft_profile_lookup,https://mc-api.io/profile/Xisuma/java,INTERNATIONAL_CREATORS,4,experienced_minecraft_creator_noncompetitive,medium,https://reafystats.com/,MCCS4Kickoff participant roster,https://reafystats.com/,True,Xisuma,True,high,True,3,strict_competitive_v3,experienced_minecraft_creator_noncompetitive,"Meaningful Minecraft experience, but no independent evidence justifying competitive T1/T2.",
yammy,Yammy,Yammy,verified_event_ign,,,minecraft_profile_lookup,https://mc-api.io/profile/Yammy/java,INTERNATIONAL_CREATORS,4,experienced_minecraft_creator_noncompetitive,medium_low,https://reafystats.com/,MCC1 participant roster,https://reafystats.com/,True,Yammy,True,high,True,3,strict_competitive_v3,experienced_minecraft_creator_noncompetitive,"Meaningful Minecraft experience, but no independent evidence justifying competitive T1/T2.",
zedaph,Zedaph,Zedaph,known_creator_handle_needs_profile_check,,,minecraft_profile_lookup,https://mc-api.io/profile/Zedaph/java,INTERNATIONAL_CREATORS,4,experienced_minecraft_creator_noncompetitive,medium_low,https://hermitcraft.com/,HermitCraft official member/creator ecosystem,https://hermitcraft.com/,True,Zedaph,True,medium_low,True,3,strict_competitive_v3,experienced_minecraft_creator_noncompetitive,"Meaningful Minecraft experience, but no independent evidence justifying competitive T1/T2.",
zombiecleo,ZombieCleo,ZombieCleo,known_creator_handle_needs_profile_check,,,minecraft_profile_lookup,https://mc-api.io/profile/ZombieCleo/java,INTERNATIONAL_CREATORS,4,experienced_minecraft_creator_noncompetitive,medium_low,https://hermitcraft.com/,HermitCraft official member/creator ecosystem,https://hermitcraft.com/,True,ZombieCleo,True,medium_low,True,3,strict_competitive_v3,experienced_minecraft_creator_noncompetitive,"Meaningful Minecraft experience, but no independent evidence justifying competitive T1/T2.",
2sassy4u,2sassy4u,2sassy4u,verified_event_ign,,,minecraft_profile_lookup,https://mc-api.io/profile/2sassy4u/java,INTERNATIONAL_CREATORS,5,casual_creator_or_insufficient_competitive_evidence,medium_low,https://reafystats.com/,MagentaETrophy participant roster,https://reafystats.com/,True,2sassy4u,True,high,True,4,strict_competitive_v3,casual_creator_or_unverified_competitive_skill,Creator/event participation alone is not treated as competitive skill evidence.,
2wc,2wc,2wc,verified_event_ign,,,minecraft_profile_lookup,https://mc-api.io/profile/2wc/java,INTERNATIONAL_CREATORS,5,casual_creator_or_insufficient_competitive_evidence,medium_low,https://reafystats.com/,MagentaETrophy participant roster,https://reafystats.com/,True,2wc,True,high,True,4,strict_competitive_v3,casual_creator_or_unverified_competitive_skill,Creator/event participation alone is not treated as competitive skill evidence.,
spelda,_Spelda_,_Spelda_,verified_event_ign,,,minecraft_profile_lookup,https://mc-api.io/profile/_Spelda_/java,INTERNATIONAL_CREATORS,5,casual_creator_or_insufficient_competitive_evidence,medium_low,https://reafystats.com/,MCCRising2 participant roster,https://reafystats.com/,True,_Spelda_,True,high,True,3,strict_competitive_v3,casual_creator_or_unverified_competitive_skill,Creator/event participation alone is not treated as competitive skill evidence.,
abolishregret,AbolishRegret,AbolishRegret,verified_event_ign,,,minecraft_profile_lookup,https://mc-api.io/profile/AbolishRegret/java,INTERNATIONAL_CREATORS,5,casual_creator_or_insufficient_competitive_evidence,medium_low,https://reafystats.com/,MCCRising3 participant roster,https://reafystats.com/,True,AbolishRegret,True,high,True,3,strict_competitive_v3,casual_creator_or_unverified_competitive_skill,Creator/event participation alone is not treated as competitive skill evidence.,
acho,acho,acho,verified_event_ign,,,minecraft_profile_lookup,https://mc-api.io/profile/acho/java,INTERNATIONAL_CREATORS,5,casual_creator_or_insufficient_competitive_evidence,medium_low,https://reafystats.com/,MCCRising2 participant roster,https://reafystats.com/,True,acho,True,high,True,3,strict_competitive_v3,casual_creator_or_unverified_competitive_skill,Creator/event participation alone is not treated as competitive skill evidence.,
aerington,Aerington,Aerington,verified_event_ign,,,minecraft_profile_lookup,https://mc-api.io/profile/Aerington/java,INTERNATIONAL_CREATORS,5,casual_creator_or_insufficient_competitive_evidence,medium_low,https://reafystats.com/,MCCRising2 participant roster,https://reafystats.com/,True,Aerington,True,high,True,3,strict_competitive_v3,casual_creator_or_unverified_competitive_skill,Creator/event participation alone is not treated as competitive skill evidence.,
alextherambler,AlexTheRambler,AlexTheRambler,verified_event_ign,,,minecraft_profile_lookup,https://mc-api.io/profile/AlexTheRambler/java,INTERNATIONAL_CREATORS,5,casual_creator_or_insufficient_competitive_evidence,medium_low,https://reafystats.com/,JingleJam participant roster,https://reafystats.com/,True,AlexTheRambler,True,high,True,4,strict_competitive_v3,casual_creator_or_unverified_competitive_skill,Creator/event participation alone is not treated as competitive skill evidence.,
allrich,Allrich,Allrich,verified_event_ign,,,minecraft_profile_lookup,https://mc-api.io/profile/Allrich/java,INTERNATIONAL_CREATORS,5,casual_creator_or_insufficient_competitive_evidence,medium_low,https://reafystats.com/,MCCRising2 participant roster,https://reafystats.com/,True,Allrich,True,high,True,3,strict_competitive_v3,casual_creator_or_unverified_competitive_skill,Creator/event participation alone is not treated as competitive skill evidence.,
amiiiir,Amiiiir,Amiiiir,verified_event_ign,,,minecraft_profile_lookup,https://mc-api.io/profile/Amiiiir/java,INTERNATIONAL_CREATORS,5,casual_creator_or_insufficient_competitive_evidence,medium_low,https://reafystats.com/,MagentaETrophy participant roster,https://reafystats.com/,True,Amiiiir,True,high,True,4,strict_competitive_v3,casual_creator_or_unverified_competitive_skill,Creator/event participation alone is not treated as competitive skill evidence.,
apokuna,apokuna,apokuna,verified_event_ign,,,minecraft_profile_lookup,https://mc-api.io/profile/apokuna/java,INTERNATIONAL_CREATORS,5,casual_creator_or_insufficient_competitive_evidence,medium_low,https://reafystats.com/,MCCRising2 participant roster,https://reafystats.com/,True,apokuna,True,high,True,3,strict_competitive_v3,casual_creator_or_unverified_competitive_skill,Creator/event participation alone is not treated as competitive skill evidence.,
artemisablaze,ArtemisAblaze,ArtemisAblaze,verified_event_ign,,,minecraft_profile_lookup,https://mc-api.io/profile/ArtemisAblaze/java,INTERNATIONAL_CREATORS,5,casual_creator_or_insufficient_competitive_evidence,medium_low,https://reafystats.com/,MCCRising3 participant roster,https://reafystats.com/,True,ArtemisAblaze,True,high,True,3,strict_competitive_v3,casual_creator_or_unverified_competitive_skill,Creator/event participation alone is not treated as competitive skill evidence.,
ashswagg,ashswagg,ashswagg,verified_event_ign,,,minecraft_profile_lookup,https://mc-api.io/profile/ashswagg/java,INTERNATIONAL_CREATORS,5,casual_creator_or_insufficient_competitive_evidence,medium_low,https://reafystats.com/,MCCRising3 participant roster,https://reafystats.com/,True,ashswagg,True,high,True,3,strict_competitive_v3,casual_creator_or_unverified_competitive_skill,Creator/event participation alone is not treated as competitive skill evidence.,
avidyt,AvidYt,AvidYt,verified_event_ign,,,minecraft_profile_lookup,https://mc-api.io/profile/AvidYt/java,INTERNATIONAL_CREATORS,5,casual_creator_or_insufficient_competitive_evidence,medium_low,https://reafystats.com/,MCCRising3 participant roster,https://reafystats.com/,True,AvidYt,True,high,True,3,strict_competitive_v3,casual_creator_or_unverified_competitive_skill,Creator/event participation alone is not treated as competitive skill evidence.,
badboyhalo,BadBoyHalo,BadBoyHalo,known_creator_handle_needs_profile_check,,,minecraft_profile_lookup,https://mc-api.io/profile/BadBoyHalo/java,INTERNATIONAL_CREATORS,5,casual_creator_or_insufficient_competitive_evidence,medium_low,https://en.wikipedia.org/wiki/Dream_SMP,Dream SMP creator roster,https://en.wikipedia.org/wiki/Dream_SMP,True,BadBoyHalo,True,medium_low,True,4,strict_competitive_v3,casual_creator_or_unverified_competitive_skill,Creator/event participation alone is not treated as competitive skill evidence.,
bearcancelle,BearCancelle,BearCancelle,verified_event_ign,,,minecraft_profile_lookup,https://mc-api.io/profile/BearCancelle/java,INTERNATIONAL_CREATORS,5,casual_creator_or_insufficient_competitive_evidence,medium_low,https://reafystats.com/,MCCRising3 participant roster,https://reafystats.com/,True,BearCancelle,True,high,True,3,strict_competitive_v3,casual_creator_or_unverified_competitive_skill,Creator/event participation alone is not treated as competitive skill evidence.,
bedgar,Bedgar,Bedgar,verified_event_ign,,,minecraft_profile_lookup,https://mc-api.io/profile/Bedgar/java,INTERNATIONAL_CREATORS,5,casual_creator_or_insufficient_competitive_evidence,medium_low,https://reafystats.com/,JingleJam participant roster,https://reafystats.com/,True,Bedgar,True,high,True,4,strict_competitive_v3,casual_creator_or_unverified_competitive_skill,Creator/event participation alone is not treated as competitive skill evidence.,
bekkiboom,Bekkiboom,Bekkiboom,verified_event_ign,,,minecraft_profile_lookup,https://mc-api.io/profile/Bekkiboom/java,INTERNATIONAL_CREATORS,5,casual_creator_or_insufficient_competitive_evidence,medium_low,https://reafystats.com/,JingleJam participant roster,https://reafystats.com/,True,Bekkiboom,True,high,True,4,strict_competitive_v3,casual_creator_or_unverified_competitive_skill,Creator/event participation alone is not treated as competitive skill evidence.,
billzo,billzo,billzo,verified_event_ign,,,minecraft_profile_lookup,https://mc-api.io/profile/billzo/java,INTERNATIONAL_CREATORS,5,casual_creator_or_insufficient_competitive_evidence,medium_low,https://reafystats.com/,MCCRising1 participant roster,https://reafystats.com/,True,billzo,True,high,True,3,strict_competitive_v3,casual_creator_or_unverified_competitive_skill,Creator/event participation alone is not treated as competitive skill evidence.,
binnish,Binnish,Binnish,verified_event_ign,,,minecraft_profile_lookup,https://mc-api.io/profile/Binnish/java,INTERNATIONAL_CREATORS,5,casual_creator_or_insufficient_competitive_evidence,medium_low,https://reafystats.com/,MCCRising2 participant roster,https://reafystats.com/,True,Binnish,True,high,True,3,strict_competitive_v3,casual_creator_or_unverified_competitive_skill,Creator/event participation alone is not treated as competitive skill evidence.,
blad_d,Blad_d,Blad_d,verified_event_ign,,,minecraft_profile_lookup,https://mc-api.io/profile/Blad_d/java,INTERNATIONAL_CREATORS,5,casual_creator_or_insufficient_competitive_evidence,medium_low,https://reafystats.com/,MagentaETrophy participant roster,https://reafystats.com/,True,Blad_d,True,high,True,4,strict_competitive_v3,casual_creator_or_unverified_competitive_skill,Creator/event participation alone is not treated as competitive skill evidence.,
block_facts,Block_Facts,Block_Facts,verified_event_ign,,,minecraft_profile_lookup,https://mc-api.io/profile/Block_Facts/java,INTERNATIONAL_CREATORS,5,casual_creator_or_insufficient_competitive_evidence,medium_low,https://reafystats.com/,MCCRising3 participant roster,https://reafystats.com/,True,Block_Facts,True,high,True,3,strict_competitive_v3,casual_creator_or_unverified_competitive_skill,Creator/event participation alone is not treated as competitive skill evidence.,
bobawitch,BobaWitch,BobaWitch,verified_event_ign,,,minecraft_profile_lookup,https://mc-api.io/profile/BobaWitch/java,INTERNATIONAL_CREATORS,5,casual_creator_or_insufficient_competitive_evidence,medium_low,https://reafystats.com/,JingleJam participant roster,https://reafystats.com/,True,BobaWitch,True,high,True,4,strict_competitive_v3,casual_creator_or_unverified_competitive_skill,Creator/event participation alone is not treated as competitive skill evidence.,
bouphe,Bouphe,Bouphe,verified_event_ign,,,minecraft_profile_lookup,https://mc-api.io/profile/Bouphe/java,INTERNATIONAL_CREATORS,5,casual_creator_or_insufficient_competitive_evidence,medium_low,https://reafystats.com/,JingleJam participant roster,https://reafystats.com/,True,Bouphe,True,high,True,4,strict_competitive_v3,casual_creator_or_unverified_competitive_skill,Creator/event participation alone is not treated as competitive skill evidence.,
boxbox,Boxbox,Boxbox,verified_event_ign,,,minecraft_profile_lookup,https://mc-api.io/profile/Boxbox/java,INTERNATIONAL_CREATORS,5,casual_creator_or_insufficient_competitive_evidence,medium_low,https://reafystats.com/,MCC27 participant roster,https://reafystats.com/,True,Boxbox,True,high,True,3,strict_competitive_v3,casual_creator_or_unverified_competitive_skill,Creator/event participation alone is not treated as competitive skill evidence.,
breeh,Breeh,Breeh,verified_event_ign,,,minecraft_profile_lookup,https://mc-api.io/profile/Breeh/java,INTERNATIONAL_CREATORS,5,casual_creator_or_insufficient_competitive_evidence,medium_low,https://reafystats.com/,JingleJam participant roster,https://reafystats.com/,True,Breeh,True,high,True,4,strict_competitive_v3,casual_creator_or_unverified_competitive_skill,Creator/event participation alone is not treated as competitive skill evidence.,
brionykay,Brionykay,Brionykay,verified_event_ign,,,minecraft_profile_lookup,https://mc-api.io/profile/Brionykay/java,INTERNATIONAL_CREATORS,5,casual_creator_or_insufficient_competitive_evidence,medium_low,https://reafystats.com/,JingleJam participant roster,https://reafystats.com/,True,Brionykay,True,high,True,4,strict_competitive_v3,casual_creator_or_unverified_competitive_skill,Creator/event participation alone is not treated as competitive skill evidence.,
bubblebrooke,Bubblebrooke,Bubblebrooke,verified_event_ign,,,minecraft_profile_lookup,https://mc-api.io/profile/Bubblebrooke/java,INTERNATIONAL_CREATORS,5,casual_creator_or_insufficient_competitive_evidence,medium_low,https://reafystats.com/,MCCRising2 participant roster,https://reafystats.com/,True,Bubblebrooke,True,high,True,3,strict_competitive_v3,casual_creator_or_unverified_competitive_skill,Creator/event participation alone is not treated as competitive skill evidence.,
buggy9000,buggy9000,buggy9000,verified_event_ign,,,minecraft_profile_lookup,https://mc-api.io/profile/buggy9000/java,INTERNATIONAL_CREATORS,5,casual_creator_or_insufficient_competitive_evidence,medium_low,https://reafystats.com/,MCCRising1 participant roster,https://reafystats.com/,True,buggy9000,True,high,True,3,strict_competitive_v3,casual_creator_or_unverified_competitive_skill,Creator/event participation alone is not treated as competitive skill evidence.,
bytobi,byTobi,byTobi,verified_event_ign,,,minecraft_profile_lookup,https://mc-api.io/profile/byTobi/java,INTERNATIONAL_CREATORS,5,casual_creator_or_insufficient_competitive_evidence,medium_low,https://reafystats.com/,MagentaETrophy participant roster,https://reafystats.com/,True,byTobi,True,high,True,4,strict_competitive_v3,casual_creator_or_unverified_competitive_skill,Creator/event participation alone is not treated as competitive skill evidence.,
caitees,caitees,caitees,verified_event_ign,,,minecraft_profile_lookup,https://mc-api.io/profile/caitees/java,INTERNATIONAL_CREATORS,5,casual_creator_or_insufficient_competitive_evidence,medium_low,https://reafystats.com/,MCCRising1 participant roster,https://reafystats.com/,True,caitees,True,high,True,3,strict_competitive_v3,casual_creator_or_unverified_competitive_skill,Creator/event participation alone is not treated as competitive skill evidence.,
calolinda,Calolinda,Calolinda,verified_event_ign,,,minecraft_profile_lookup,https://mc-api.io/profile/Calolinda/java,INTERNATIONAL_CREATORS,5,casual_creator_or_insufficient_competitive_evidence,medium_low,https://reafystats.com/,MCCRising2 participant roster,https://reafystats.com/,True,Calolinda,True,high,True,3,strict_competitive_v3,casual_creator_or_unverified_competitive_skill,Creator/event participation alone is not treated as competitive skill evidence.,
caramello_sb,Caramello_sb,Caramello_sb,verified_event_ign,,,minecraft_profile_lookup,https://mc-api.io/profile/Caramello_sb/java,INTERNATIONAL_CREATORS,5,casual_creator_or_insufficient_competitive_evidence,medium_low,https://reafystats.com/,MCCRising2 participant roster,https://reafystats.com/,True,Caramello_sb,True,high,True,3,strict_competitive_v3,casual_creator_or_unverified_competitive_skill,Creator/event participation alone is not treated as competitive skill evidence.,
checkpoint,Checkpoint,Checkpoint,verified_event_ign,,,minecraft_profile_lookup,https://mc-api.io/profile/Checkpoint/java,INTERNATIONAL_CREATORS,5,casual_creator_or_insufficient_competitive_evidence,medium_low,https://reafystats.com/,JingleJam participant roster,https://reafystats.com/,True,Checkpoint,True,high,True,4,strict_competitive_v3,casual_creator_or_unverified_competitive_skill,Creator/event participation alone is not treated as competitive skill evidence.,
cherrifire,CherriFire,CherriFire,verified_event_ign,,,minecraft_profile_lookup,https://mc-api.io/profile/CherriFire/java,INTERNATIONAL_CREATORS,5,casual_creator_or_insufficient_competitive_evidence,medium_low,https://reafystats.com/,MCCRising3 participant roster,https://reafystats.com/,True,CherriFire,True,high,True,3,strict_competitive_v3,casual_creator_or_unverified_competitive_skill,Creator/event participation alone is not treated as competitive skill evidence.,
chippygaming,ChippyGaming,ChippyGaming,verified_event_ign,,,minecraft_profile_lookup,https://mc-api.io/profile/ChippyGaming/java,INTERNATIONAL_CREATORS,5,casual_creator_or_insufficient_competitive_evidence,medium_low,https://reafystats.com/,JingleJam participant roster,https://reafystats.com/,True,ChippyGaming,True,high,True,4,strict_competitive_v3,casual_creator_or_unverified_competitive_skill,Creator/event participation alone is not treated as competitive skill evidence.,
chunkpurse,chunkpurse,chunkpurse,verified_event_ign,,,minecraft_profile_lookup,https://mc-api.io/profile/chunkpurse/java,INTERNATIONAL_CREATORS,5,casual_creator_or_insufficient_competitive_evidence,medium_low,https://reafystats.com/,MCCRising3 participant roster,https://reafystats.com/,True,chunkpurse,True,high,True,3,strict_competitive_v3,casual_creator_or_unverified_competitive_skill,Creator/event participation alone is not treated as competitive skill evidence.,
codeneon,CodeNeon,CodeNeon,verified_event_ign,,,minecraft_profile_lookup,https://mc-api.io/profile/CodeNeon/java,INTERNATIONAL_CREATORS,5,casual_creator_or_insufficient_competitive_evidence,medium_low,https://reafystats.com/,MCCRising3 participant roster,https://reafystats.com/,True,CodeNeon,True,high,True,3,strict_competitive_v3,casual_creator_or_unverified_competitive_skill,Creator/event participation alone is not treated as competitive skill evidence.,
connoreatspants,ConnorEatsPants,ConnorEatsPants,verified_event_ign,,,minecraft_profile_lookup,https://mc-api.io/profile/ConnorEatsPants/java,INTERNATIONAL_CREATORS,5,casual_creator_or_insufficient_competitive_evidence,medium_low,https://reafystats.com/,MCC20 participant roster,https://reafystats.com/,True,ConnorEatsPants,True,high,True,4,strict_competitive_v3,casual_creator_or_unverified_competitive_skill,Creator/event participation alone is not treated as competitive skill evidence.,
cozycrafted,CozyCrafted,CozyCrafted,verified_event_ign,,,minecraft_profile_lookup,https://mc-api.io/profile/CozyCrafted/java,INTERNATIONAL_CREATORS,5,casual_creator_or_insufficient_competitive_evidence,medium_low,https://reafystats.com/,MCCRising3 participant roster,https://reafystats.com/,True,CozyCrafted,True,high,True,3,strict_competitive_v3,casual_creator_or_unverified_competitive_skill,Creator/event participation alone is not treated as competitive skill evidence.,
craigfrost,CraigFrost,CraigFrost,verified_event_ign,,,minecraft_profile_lookup,https://mc-api.io/profile/CraigFrost/java,INTERNATIONAL_CREATORS,5,casual_creator_or_insufficient_competitive_evidence,medium_low,https://reafystats.com/,JingleJam participant roster,https://reafystats.com/,True,CraigFrost,True,high,True,4,strict_competitive_v3,casual_creator_or_unverified_competitive_skill,Creator/event participation alone is not treated as competitive skill evidence.,
daltos,Daltos,Daltos,verified_event_ign,,,minecraft_profile_lookup,https://mc-api.io/profile/Daltos/java,INTERNATIONAL_CREATORS,5,casual_creator_or_insufficient_competitive_evidence,medium_low,https://reafystats.com/,JingleJam participant roster,https://reafystats.com/,True,Daltos,True,high,True,4,strict_competitive_v3,casual_creator_or_unverified_competitive_skill,Creator/event participation alone is not treated as competitive skill evidence.,
dantdm,DanTDM,DanTDM,known_creator_handle_needs_profile_check,,,minecraft_profile_lookup,https://mc-api.io/profile/DanTDM/java,INTERNATIONAL_CREATORS,5,casual_creator_or_insufficient_competitive_evidence,medium_low,https://en.wikipedia.org/wiki/CaptainSparklez,Historical Minecraft creator curation,https://en.wikipedia.org/wiki/CaptainSparklez,True,DanTDM,True,medium_low,True,4,strict_competitive_v3,casual_creator_or_unverified_competitive_skill,Creator/event participation alone is not treated as competitive skill evidence.,
deadston3,deadston3,deadston3,verified_event_ign,,,minecraft_profile_lookup,https://mc-api.io/profile/deadston3/java,INTERNATIONAL_CREATORS,5,casual_creator_or_insufficient_competitive_evidence,medium_low,https://reafystats.com/,MagentaETrophy participant roster,https://reafystats.com/,True,deadston3,True,high,True,4,strict_competitive_v3,casual_creator_or_unverified_competitive_skill,Creator/event participation alone is not treated as competitive skill evidence.,
defectt,Defectt,Defectt,verified_event_ign,,,minecraft_profile_lookup,https://mc-api.io/profile/Defectt/java,INTERNATIONAL_CREATORS,5,casual_creator_or_insufficient_competitive_evidence,medium_low,https://reafystats.com/,MCCRising3 participant roster,https://reafystats.com/,True,Defectt,True,high,True,3,strict_competitive_v3,casual_creator_or_unverified_competitive_skill,Creator/event participation alone is not treated as competitive skill evidence.,
dev,Dev,Dev,verified_event_ign,,,minecraft_profile_lookup,https://mc-api.io/profile/Dev/java,INTERNATIONAL_CREATORS,5,casual_creator_or_insufficient_competitive_evidence,medium_low,https://reafystats.com/,MCCRising1 participant roster,https://reafystats.com/,True,Dev,True,high,True,3,strict_competitive_v3,casual_creator_or_unverified_competitive_skill,Creator/event participation alone is not treated as competitive skill evidence.,
dimeax,Dimeax,Dimeax,verified_event_ign,,,minecraft_profile_lookup,https://mc-api.io/profile/Dimeax/java,INTERNATIONAL_CREATORS,5,casual_creator_or_insufficient_competitive_evidence,medium_low,https://reafystats.com/,MagentaETrophy participant roster,https://reafystats.com/,True,Dimeax,True,high,True,4,strict_competitive_v3,casual_creator_or_unverified_competitive_skill,Creator/event participation alone is not treated as competitive skill evidence.,
disguisedtoast,DisguisedToast,DisguisedToast,verified_event_ign,,,minecraft_profile_lookup,https://mc-api.io/profile/DisguisedToast/java,INTERNATIONAL_CREATORS,5,casual_creator_or_insufficient_competitive_evidence,medium_low,https://reafystats.com/,MCC27 participant roster,https://reafystats.com/,True,DisguisedToast,True,high,True,5,strict_competitive_v3,casual_creator_or_unverified_competitive_skill,Creator/event participation alone is not treated as competitive skill evidence.,
dqrkarcher,DqrkArcher,DqrkArcher,verified_event_ign,,,minecraft_profile_lookup,https://mc-api.io/profile/DqrkArcher/java,INTERNATIONAL_CREATORS,5,casual_creator_or_insufficient_competitive_evidence,medium_low,https://reafystats.com/,MagentaETrophy participant roster,https://reafystats.com/,True,DqrkArcher,True,high,True,4,strict_competitive_v3,casual_creator_or_unverified_competitive_skill,Creator/event participation alone is not treated as competitive skill evidence.,
drsimonclark,DrSimonClark,DrSimonClark,verified_event_ign,,,minecraft_profile_lookup,https://mc-api.io/profile/DrSimonClark/java,INTERNATIONAL_CREATORS,5,casual_creator_or_insufficient_competitive_evidence,medium_low,https://reafystats.com/,JingleJam participant roster,https://reafystats.com/,True,DrSimonClark,True,high,True,4,strict_competitive_v3,casual_creator_or_unverified_competitive_skill,Creator/event participation alone is not treated as competitive skill evidence.,
einm4nu,EinM4nu,EinM4nu,verified_event_ign,,,minecraft_profile_lookup,https://mc-api.io/profile/EinM4nu/java,INTERNATIONAL_CREATORS,5,casual_creator_or_insufficient_competitive_evidence,medium_low,https://reafystats.com/,MagentaETrophy participant roster,https://reafystats.com/,True,EinM4nu,True,high,True,4,strict_competitive_v3,casual_creator_or_unverified_competitive_skill,Creator/event participation alone is not treated as competitive skill evidence.,
felikah,Felikah,Felikah,verified_event_ign,,,minecraft_profile_lookup,https://mc-api.io/profile/Felikah/java,INTERNATIONAL_CREATORS,5,casual_creator_or_insufficient_competitive_evidence,medium_low,https://reafystats.com/,MagentaETrophy participant roster,https://reafystats.com/,True,Felikah,True,high,True,4,strict_competitive_v3,casual_creator_or_unverified_competitive_skill,Creator/event participation alone is not treated as competitive skill evidence.,
fensti,Fensti,Fensti,verified_event_ign,,,minecraft_profile_lookup,https://mc-api.io/profile/Fensti/java,INTERNATIONAL_CREATORS,5,casual_creator_or_insufficient_competitive_evidence,medium_low,https://reafystats.com/,MagentaETrophy participant roster,https://reafystats.com/,True,Fensti,True,high,True,4,strict_competitive_v3,casual_creator_or_unverified_competitive_skill,Creator/event participation alone is not treated as competitive skill evidence.,
fionariches,FionaRiches,FionaRiches,verified_event_ign,,,minecraft_profile_lookup,https://mc-api.io/profile/FionaRiches/java,INTERNATIONAL_CREATORS,5,casual_creator_or_insufficient_competitive_evidence,medium_low,https://reafystats.com/,JingleJam participant roster,https://reafystats.com/,True,FionaRiches,True,high,True,4,strict_competitive_v3,casual_creator_or_unverified_competitive_skill,Creator/event participation alone is not treated as competitive skill evidence.,
foolishgamers,FoolishGamers,FoolishGamers,verified_event_ign,,,minecraft_profile_lookup,https://mc-api.io/profile/FoolishGamers/java,INTERNATIONAL_CREATORS,5,casual_creator_or_insufficient_competitive_evidence,medium_low,https://reafystats.com/,MCC27 participant roster,https://reafystats.com/,True,FoolishGamers,True,high,True,4,strict_competitive_v3,casual_creator_or_unverified_competitive_skill,Creator/event participation alone is not treated as competitive skill evidence.,
fred_inc,Fred_Inc,Fred_Inc,verified_event_ign,,,minecraft_profile_lookup,https://mc-api.io/profile/Fred_Inc/java,INTERNATIONAL_CREATORS,5,casual_creator_or_insufficient_competitive_evidence,medium_low,https://reafystats.com/,MagentaETrophy participant roster,https://reafystats.com/,True,Fred_Inc,True,high,True,4,strict_competitive_v3,casual_creator_or_unverified_competitive_skill,Creator/event participation alone is not treated as competitive skill evidence.,
fuxel,Fuxel,Fuxel,verified_event_ign,,,minecraft_profile_lookup,https://mc-api.io/profile/Fuxel/java,INTERNATIONAL_CREATORS,5,casual_creator_or_insufficient_competitive_evidence,medium_low,https://reafystats.com/,MagentaETrophy participant roster,https://reafystats.com/,True,Fuxel,True,high,True,4,strict_competitive_v3,casual_creator_or_unverified_competitive_skill,Creator/event participation alone is not treated as competitive skill evidence.,
garlicmint,garlicmint,garlicmint,verified_event_ign,,,minecraft_profile_lookup,https://mc-api.io/profile/garlicmint/java,INTERNATIONAL_CREATORS,5,casual_creator_or_insufficient_competitive_evidence,medium_low,https://reafystats.com/,MCCRising3 participant roster,https://reafystats.com/,True,garlicmint,True,high,True,3,strict_competitive_v3,casual_creator_or_unverified_competitive_skill,Creator/event participation alone is not treated as competitive skill evidence.,
geestar,Geestar,Geestar,verified_event_ign,,,minecraft_profile_lookup,https://mc-api.io/profile/Geestar/java,INTERNATIONAL_CREATORS,5,casual_creator_or_insufficient_competitive_evidence,medium_low,https://reafystats.com/,JingleJam participant roster,https://reafystats.com/,True,Geestar,True,high,True,4,strict_competitive_v3,casual_creator_or_unverified_competitive_skill,Creator/event participation alone is not treated as competitive skill evidence.,
georgenotfound,GeorgeNotFound,GeorgeNotFound,known_creator_handle_needs_profile_check,,,minecraft_profile_lookup,https://mc-api.io/profile/GeorgeNotFound/java,INTERNATIONAL_CREATORS,5,casual_creator_or_insufficient_competitive_evidence,medium_low,https://en.wikipedia.org/wiki/Dream_SMP,Dream SMP creator roster,https://en.wikipedia.org/wiki/Dream_SMP,True,GeorgeNotFound,True,medium_low,True,4,strict_competitive_v3,casual_creator_or_unverified_competitive_skill,Creator/event participation alone is not treated as competitive skill evidence.,
gigithepuppy,Gigithepuppy,Gigithepuppy,verified_event_ign,,,minecraft_profile_lookup,https://mc-api.io/profile/Gigithepuppy/java,INTERNATIONAL_CREATORS,5,casual_creator_or_insufficient_competitive_evidence,medium_low,https://reafystats.com/,MCCRising3 participant roster,https://reafystats.com/,True,Gigithepuppy,True,high,True,3,strict_competitive_v3,casual_creator_or_unverified_competitive_skill,Creator/event participation alone is not treated as competitive skill evidence.,
ginerous,Ginerous,Ginerous,verified_event_ign,,,minecraft_profile_lookup,https://mc-api.io/profile/Ginerous/java,INTERNATIONAL_CREATORS,5,casual_creator_or_insufficient_competitive_evidence,medium_low,https://reafystats.com/,MCCRising2 participant roster,https://reafystats.com/,True,Ginerous,True,high,True,3,strict_competitive_v3,casual_creator_or_unverified_competitive_skill,Creator/event participation alone is not treated as competitive skill evidence.,
goatedfenris,GoatedFenris,GoatedFenris,verified_event_ign,,,minecraft_profile_lookup,https://mc-api.io/profile/GoatedFenris/java,INTERNATIONAL_CREATORS,5,casual_creator_or_insufficient_competitive_evidence,medium_low,https://reafystats.com/,MagentaETrophy participant roster,https://reafystats.com/,True,GoatedFenris,True,high,True,4,strict_competitive_v3,casual_creator_or_unverified_competitive_skill,Creator/event participation alone is not treated as competitive skill evidence.,
golemell,Golemell,Golemell,verified_event_ign,,,minecraft_profile_lookup,https://mc-api.io/profile/Golemell/java,INTERNATIONAL_CREATORS,5,casual_creator_or_insufficient_competitive_evidence,medium_low,https://reafystats.com/,MCCRising1 participant roster,https://reafystats.com/,True,Golemell,True,high,True,3,strict_competitive_v3,casual_creator_or_unverified_competitive_skill,Creator/event participation alone is not treated as competitive skill evidence.,
graaavel,graaavel,graaavel,verified_event_ign,,,minecraft_profile_lookup,https://mc-api.io/profile/graaavel/java,INTERNATIONAL_CREATORS,5,casual_creator_or_insufficient_competitive_evidence,medium_low,https://reafystats.com/,MCCRising3 participant roster,https://reafystats.com/,True,graaavel,True,high,True,3,strict_competitive_v3,casual_creator_or_unverified_competitive_skill,Creator/event participation alone is not treated as competitive skill evidence.,
guggle,Guggle,Guggle,verified_event_ign,,,minecraft_profile_lookup,https://mc-api.io/profile/Guggle/java,INTERNATIONAL_CREATORS,5,casual_creator_or_insufficient_competitive_evidence,medium_low,https://reafystats.com/,MCCRising1 participant roster,https://reafystats.com/,True,Guggle,True,high,True,3,strict_competitive_v3,casual_creator_or_unverified_competitive_skill,Creator/event participation alone is not treated as competitive skill evidence.,
hannahhkatee,hannahhkatee,hannahhkatee,verified_event_ign,,,minecraft_profile_lookup,https://mc-api.io/profile/hannahhkatee/java,INTERNATIONAL_CREATORS,5,casual_creator_or_insufficient_competitive_evidence,medium_low,https://reafystats.com/,MCCRising3 participant roster,https://reafystats.com/,True,hannahhkatee,True,high,True,3,strict_competitive_v3,casual_creator_or_unverified_competitive_skill,Creator/event participation alone is not treated as competitive skill evidence.,
hellschwarz,hellschwarz,hellschwarz,verified_event_ign,,,minecraft_profile_lookup,https://mc-api.io/profile/hellschwarz/java,INTERNATIONAL_CREATORS,5,casual_creator_or_insufficient_competitive_evidence,medium_low,https://reafystats.com/,MagentaETrophy participant roster,https://reafystats.com/,True,hellschwarz,True,high,True,4,strict_competitive_v3,casual_creator_or_unverified_competitive_skill,Creator/event participation alone is not treated as competitive skill evidence.,
heygraecie,heyGraecie,heyGraecie,verified_event_ign,,,minecraft_profile_lookup,https://mc-api.io/profile/heyGraecie/java,INTERNATIONAL_CREATORS,5,casual_creator_or_insufficient_competitive_evidence,medium_low,https://reafystats.com/,MCCRising2 participant roster,https://reafystats.com/,True,heyGraecie,True,high,True,3,strict_competitive_v3,casual_creator_or_unverified_competitive_skill,Creator/event participation alone is not treated as competitive skill evidence.,
highkeyhateme,highkeyhateme,highkeyhateme,verified_event_ign,,,minecraft_profile_lookup,https://mc-api.io/profile/highkeyhateme/java,INTERNATIONAL_CREATORS,5,casual_creator_or_insufficient_competitive_evidence,medium_low,https://reafystats.com/,MCCRising1 participant roster,https://reafystats.com/,True,highkeyhateme,True,high,True,3,strict_competitive_v3,casual_creator_or_unverified_competitive_skill,Creator/event participation alone is not treated as competitive skill evidence.,
hiimcc,HiImCC,HiImCC,verified_event_ign,,,minecraft_profile_lookup,https://mc-api.io/profile/HiImCC/java,INTERNATIONAL_CREATORS,5,casual_creator_or_insufficient_competitive_evidence,medium_low,https://reafystats.com/,MCCRising3 participant roster,https://reafystats.com/,True,HiImCC,True,high,True,3,strict_competitive_v3,casual_creator_or_unverified_competitive_skill,Creator/event participation alone is not treated as competitive skill evidence.,
hrry,Hrry,Hrry,verified_event_ign,,,minecraft_profile_lookup,https://mc-api.io/profile/Hrry/java,INTERNATIONAL_CREATORS,5,casual_creator_or_insufficient_competitive_evidence,medium_low,https://reafystats.com/,JingleJam participant roster,https://reafystats.com/,True,Hrry,True,high,True,4,strict_competitive_v3,casual_creator_or_unverified_competitive_skill,Creator/event participation alone is not treated as competitive skill evidence.,
huytastic,huytastic,huytastic,verified_event_ign,,,minecraft_profile_lookup,https://mc-api.io/profile/huytastic/java,INTERNATIONAL_CREATORS,5,casual_creator_or_insufficient_competitive_evidence,medium_low,https://reafystats.com/,MagentaETrophy participant roster,https://reafystats.com/,True,huytastic,True,high,True,4,strict_competitive_v3,casual_creator_or_unverified_competitive_skill,Creator/event participation alone is not treated as competitive skill evidence.,
hydraticc,hydraticc,hydraticc,verified_event_ign,,,minecraft_profile_lookup,https://mc-api.io/profile/hydraticc/java,INTERNATIONAL_CREATORS,5,casual_creator_or_insufficient_competitive_evidence,medium_low,https://reafystats.com/,MCCRising3 participant roster,https://reafystats.com/,True,hydraticc,True,high,True,3,strict_competitive_v3,casual_creator_or_unverified_competitive_skill,Creator/event participation alone is not treated as competitive skill evidence.,
iitztimmy,iiTzTimmy,iiTzTimmy,verified_event_ign,,,minecraft_profile_lookup,https://mc-api.io/profile/iiTzTimmy/java,INTERNATIONAL_CREATORS,5,casual_creator_or_insufficient_competitive_evidence,medium_low,https://reafystats.com/,MCC27 participant roster,https://reafystats.com/,True,iiTzTimmy,True,high,True,3,strict_competitive_v3,casual_creator_or_unverified_competitive_skill,Creator/event participation alone is not treated as competitive skill evidence.,
imashep,ImaShep,ImaShep,verified_event_ign,,,minecraft_profile_lookup,https://mc-api.io/profile/ImaShep/java,INTERNATIONAL_CREATORS,5,casual_creator_or_insufficient_competitive_evidence,medium_low,https://reafystats.com/,MCCRising3 participant roster,https://reafystats.com/,True,ImaShep,True,high,True,3,strict_competitive_v3,casual_creator_or_unverified_competitive_skill,Creator/event participation alone is not treated as competitive skill evidence.,
inditorias,Inditorias,Inditorias,verified_event_ign,,,minecraft_profile_lookup,https://mc-api.io/profile/Inditorias/java,INTERNATIONAL_CREATORS,5,casual_creator_or_insufficient_competitive_evidence,medium_low,https://reafystats.com/,MCCRising2 participant roster,https://reafystats.com/,True,Inditorias,True,high,True,3,strict_competitive_v3,casual_creator_or_unverified_competitive_skill,Creator/event participation alone is not treated as competitive skill evidence.,
inmiste,inmiste,inmiste,verified_event_ign,,,minecraft_profile_lookup,https://mc-api.io/profile/inmiste/java,INTERNATIONAL_CREATORS,5,casual_creator_or_insufficient_competitive_evidence,medium_low,https://reafystats.com/,MagentaETrophy participant roster,https://reafystats.com/,True,inmiste,True,high,True,4,strict_competitive_v3,casual_creator_or_unverified_competitive_skill,Creator/event participation alone is not treated as competitive skill evidence.,
ishowspeed,IShowSpeed,IShowSpeed,profile_found_namemc,,,minecraft_profile_lookup,https://mc-api.io/profile/IShowSpeed/java,INTERNATIONAL_CREATORS,5,casual_creator_or_insufficient_competitive_evidence,medium_low,https://namemc.com/profile/IShowSpeed.2,IShowSpeed Minecraft profile + Minecraft streams,https://namemc.com/profile/IShowSpeed.2,True,IShowSpeed,True,medium_high,True,4,strict_competitive_v3,casual_creator_or_unverified_competitive_skill,Creator/event participation alone is not treated as competitive skill evidence.,
jackmanifoldtv,JackManifoldTV,JackManifoldTV,verified_event_ign,,,minecraft_profile_lookup,https://mc-api.io/profile/JackManifoldTV/java,INTERNATIONAL_CREATORS,5,casual_creator_or_insufficient_competitive_evidence,medium_low,https://reafystats.com/,MCC14 participant roster,https://reafystats.com/,True,JackManifoldTV,True,high,True,4,strict_competitive_v3,casual_creator_or_unverified_competitive_skill,Creator/event participation alone is not treated as competitive skill evidence.,
jhorsemc,JHorseMC,JHorseMC,verified_event_ign,,,minecraft_profile_lookup,https://mc-api.io/profile/JHorseMC/java,INTERNATIONAL_CREATORS,5,casual_creator_or_insufficient_competitive_evidence,medium_low,https://reafystats.com/,MCCRising2 participant roster,https://reafystats.com/,True,JHorseMC,True,high,True,3,strict_competitive_v3,casual_creator_or_unverified_competitive_skill,Creator/event participation alone is not treated as competitive skill evidence.,
joehickson,JoeHickson_,JoeHickson_,verified_event_ign,,,minecraft_profile_lookup,https://mc-api.io/profile/JoeHickson_/java,INTERNATIONAL_CREATORS,5,casual_creator_or_insufficient_competitive_evidence,medium_low,https://reafystats.com/,JingleJam participant roster,https://reafystats.com/,True,JoeHickson_,True,high,True,4,strict_competitive_v3,casual_creator_or_unverified_competitive_skill,Creator/event participation alone is not treated as competitive skill evidence.,
jonsman,Jonsman,Jonsman,verified_event_ign,,,minecraft_profile_lookup,https://mc-api.io/profile/Jonsman/java,INTERNATIONAL_CREATORS,5,casual_creator_or_insufficient_competitive_evidence,medium_low,https://reafystats.com/,MagentaETrophy participant roster,https://reafystats.com/,True,Jonsman,True,high,True,4,strict_competitive_v3,casual_creator_or_unverified_competitive_skill,Creator/event participation alone is not treated as competitive skill evidence.,
ju5tnele,Ju5tNele,Ju5tNele,verified_event_ign,,,minecraft_profile_lookup,https://mc-api.io/profile/Ju5tNele/java,INTERNATIONAL_CREATORS,5,casual_creator_or_insufficient_competitive_evidence,medium_low,https://reafystats.com/,MagentaETrophy participant roster,https://reafystats.com/,True,Ju5tNele,True,high,True,4,strict_competitive_v3,casual_creator_or_unverified_competitive_skill,Creator/event participation alone is not treated as competitive skill evidence.,
kaicenat,KaiCenat,KaiCenat,known_creator_handle_needs_profile_check,,,minecraft_profile_lookup,https://mc-api.io/profile/KaiCenat/java,INTERNATIONAL_CREATORS,5,casual_creator_or_insufficient_competitive_evidence,medium_low,https://www.youtube.com/watch?v=0hfa08vsPWc,Kai Cenat Minecraft Hardcore streams,https://www.youtube.com/watch?v=0hfa08vsPWc,True,KaiCenat,True,medium_low,True,4,strict_competitive_v3,casual_creator_or_unverified_competitive_skill,Creator/event participation alone is not treated as competitive skill evidence.,
katiegobrr,KatieGoBrr,KatieGoBrr,verified_event_ign,,,minecraft_profile_lookup,https://mc-api.io/profile/KatieGoBrr/java,INTERNATIONAL_CREATORS,5,casual_creator_or_insufficient_competitive_evidence,medium_low,https://reafystats.com/,MCCRising3 participant roster,https://reafystats.com/,True,KatieGoBrr,True,high,True,3,strict_competitive_v3,casual_creator_or_unverified_competitive_skill,Creator/event participation alone is not treated as competitive skill evidence.,
khaoskorps,KhaosKorps,KhaosKorps,verified_event_ign,,,minecraft_profile_lookup,https://mc-api.io/profile/KhaosKorps/java,INTERNATIONAL_CREATORS,5,casual_creator_or_insufficient_competitive_evidence,medium_low,https://reafystats.com/,MCCRising2 participant roster,https://reafystats.com/,True,KhaosKorps,True,high,True,3,strict_competitive_v3,casual_creator_or_unverified_competitive_skill,Creator/event participation alone is not treated as competitive skill evidence.,
kier,Kier,Kier,verified_event_ign,,,minecraft_profile_lookup,https://mc-api.io/profile/Kier/java,INTERNATIONAL_CREATORS,5,casual_creator_or_insufficient_competitive_evidence,medium_low,https://reafystats.com/,MCCRising1 participant roster,https://reafystats.com/,True,Kier,True,high,True,3,strict_competitive_v3,casual_creator_or_unverified_competitive_skill,Creator/event participation alone is not treated as competitive skill evidence.,
kingofarchers,KingOfArchers,KingOfArchers,verified_event_ign,,,minecraft_profile_lookup,https://mc-api.io/profile/KingOfArchers/java,INTERNATIONAL_CREATORS,5,casual_creator_or_insufficient_competitive_evidence,medium_low,https://reafystats.com/,MCCRising1 participant roster,https://reafystats.com/,True,KingOfArchers,True,high,True,3,strict_competitive_v3,casual_creator_or_unverified_competitive_skill,Creator/event participation alone is not treated as competitive skill evidence.,
kkatamina,KKatamina,KKatamina,verified_event_ign,,,minecraft_profile_lookup,https://mc-api.io/profile/KKatamina/java,INTERNATIONAL_CREATORS,5,casual_creator_or_insufficient_competitive_evidence,medium_low,https://reafystats.com/,MCC27 participant roster,https://reafystats.com/,True,KKatamina,True,high,True,3,strict_competitive_v3,casual_creator_or_unverified_competitive_skill,Creator/event participation alone is not treated as competitive skill evidence.,
kristlna,KRISTlNA,KRISTlNA,verified_event_ign,,,minecraft_profile_lookup,https://mc-api.io/profile/KRISTlNA/java,INTERNATIONAL_CREATORS,5,casual_creator_or_insufficient_competitive_evidence,medium_low,https://reafystats.com/,MCCRising2 participant roster,https://reafystats.com/,True,KRISTlNA,True,high,True,3,strict_competitive_v3,casual_creator_or_unverified_competitive_skill,Creator/event participation alone is not treated as competitive skill evidence.,
lakitty101,LaKitty101,LaKitty101,verified_event_ign,,,minecraft_profile_lookup,https://mc-api.io/profile/LaKitty101/java,INTERNATIONAL_CREATORS,5,casual_creator_or_insufficient_competitive_evidence,medium_low,https://reafystats.com/,MCCRising3 participant roster,https://reafystats.com/,True,LaKitty101,True,high,True,3,strict_competitive_v3,casual_creator_or_unverified_competitive_skill,Creator/event participation alone is not treated as competitive skill evidence.,
lalna,Lalna,Lalna,verified_event_ign,,,minecraft_profile_lookup,https://mc-api.io/profile/Lalna/java,INTERNATIONAL_CREATORS,5,casual_creator_or_insufficient_competitive_evidence,medium_low,https://reafystats.com/,JingleJam participant roster,https://reafystats.com/,True,Lalna,True,high,True,4,strict_competitive_v3,casual_creator_or_unverified_competitive_skill,Creator/event participation alone is not treated as competitive skill evidence.,
laqqy,Laqqy,Laqqy,verified_event_ign,,,minecraft_profile_lookup,https://mc-api.io/profile/Laqqy/java,INTERNATIONAL_CREATORS,5,casual_creator_or_insufficient_competitive_evidence,medium_low,https://reafystats.com/,MCCRising1 participant roster,https://reafystats.com/,True,Laqqy,True,high,True,3,strict_competitive_v3,casual_creator_or_unverified_competitive_skill,Creator/event participation alone is not treated as competitive skill evidence.,
ldshadowlady,LDShadowLady,LDShadowLady,known_creator_handle_needs_profile_check,,,minecraft_profile_lookup,https://mc-api.io/profile/LDShadowLady/java,INTERNATIONAL_CREATORS,5,casual_creator_or_insufficient_competitive_evidence,medium_low,https://en.wikipedia.org/wiki/CaptainSparklez,Historical Minecraft creator curation,https://en.wikipedia.org/wiki/CaptainSparklez,True,LDShadowLady,True,medium_low,True,4,strict_competitive_v3,casual_creator_or_unverified_competitive_skill,Creator/event participation alone is not treated as competitive skill evidence.,
legundo,Legundo,Legundo,verified_event_ign,,,minecraft_profile_lookup,https://mc-api.io/profile/Legundo/java,INTERNATIONAL_CREATORS,5,casual_creator_or_insufficient_competitive_evidence,medium_low,https://reafystats.com/,MCCRising2 participant roster,https://reafystats.com/,True,Legundo,True,high,True,3,strict_competitive_v3,casual_creator_or_unverified_competitive_skill,Creator/event participation alone is not treated as competitive skill evidence.,
leozaur,Leozaur,Leozaur,verified_event_ign,,,minecraft_profile_lookup,https://mc-api.io/profile/Leozaur/java,INTERNATIONAL_CREATORS,5,casual_creator_or_insufficient_competitive_evidence,medium_low,https://reafystats.com/,JingleJam participant roster,https://reafystats.com/,True,Leozaur,True,high,True,4,strict_competitive_v3,casual_creator_or_unverified_competitive_skill,Creator/event participation alone is not treated as competitive skill evidence.,
lincu,Lincu,Lincu,verified_event_ign,,,minecraft_profile_lookup,https://mc-api.io/profile/Lincu/java,INTERNATIONAL_CREATORS,5,casual_creator_or_insufficient_competitive_evidence,medium_low,https://reafystats.com/,MCCRising2 participant roster,https://reafystats.com/,True,Lincu,True,high,True,3,strict_competitive_v3,casual_creator_or_unverified_competitive_skill,Creator/event participation alone is not treated as competitive skill evidence.,
lokiolr,LOKIOLR,LOKIOLR,verified_event_ign,,,minecraft_profile_lookup,https://mc-api.io/profile/LOKIOLR/java,INTERNATIONAL_CREATORS,5,casual_creator_or_insufficient_competitive_evidence,medium_low,https://reafystats.com/,MCCRising2 participant roster,https://reafystats.com/,True,LOKIOLR,True,high,True,3,strict_competitive_v3,casual_creator_or_unverified_competitive_skill,Creator/event participation alone is not treated as competitive skill evidence.,
ludwig,Ludwig,Ludwig,verified_event_ign,,,minecraft_profile_lookup,https://mc-api.io/profile/Ludwig/java,INTERNATIONAL_CREATORS,5,casual_creator_or_insufficient_competitive_evidence,medium_low,https://reafystats.com/,MCC27 participant roster,https://reafystats.com/,True,Ludwig,True,high,True,5,strict_competitive_v3,casual_creator_or_unverified_competitive_skill,Creator/event participation alone is not treated as competitive skill evidence.,
luucaalol,luucaalol,luucaalol,verified_event_ign,,,minecraft_profile_lookup,https://mc-api.io/profile/luucaalol/java,INTERNATIONAL_CREATORS,5,casual_creator_or_insufficient_competitive_evidence,medium_low,https://reafystats.com/,MagentaETrophy participant roster,https://reafystats.com/,True,luucaalol,True,high,True,4,strict_competitive_v3,casual_creator_or_unverified_competitive_skill,Creator/event participation alone is not treated as competitive skill evidence.,
lydray18,LydRay18,LydRay18,verified_event_ign,,,minecraft_profile_lookup,https://mc-api.io/profile/LydRay18/java,INTERNATIONAL_CREATORS,5,casual_creator_or_insufficient_competitive_evidence,medium_low,https://reafystats.com/,MCCRising3 participant roster,https://reafystats.com/,True,LydRay18,True,high,True,3,strict_competitive_v3,casual_creator_or_unverified_competitive_skill,Creator/event participation alone is not treated as competitive skill evidence.,
lynrose,lynrose,lynrose,verified_event_ign,,,minecraft_profile_lookup,https://mc-api.io/profile/lynrose/java,INTERNATIONAL_CREATORS,5,casual_creator_or_insufficient_competitive_evidence,medium_low,https://reafystats.com/,MCCRising2 participant roster,https://reafystats.com/,True,lynrose,True,high,True,3,strict_competitive_v3,casual_creator_or_unverified_competitive_skill,Creator/event participation alone is not treated as competitive skill evidence.,
lynxyliam,LynxyLiam,LynxyLiam,verified_event_ign,,,minecraft_profile_lookup,https://mc-api.io/profile/LynxyLiam/java,INTERNATIONAL_CREATORS,5,casual_creator_or_insufficient_competitive_evidence,medium_low,https://reafystats.com/,MCCRising3 participant roster,https://reafystats.com/,True,LynxyLiam,True,high,True,3,strict_competitive_v3,casual_creator_or_unverified_competitive_skill,Creator/event participation alone is not treated as competitive skill evidence.,
m4ng0,M4NG0,M4NG0,verified_event_ign,,,minecraft_profile_lookup,https://mc-api.io/profile/M4NG0/java,INTERNATIONAL_CREATORS,5,casual_creator_or_insufficient_competitive_evidence,medium_low,https://reafystats.com/,JingleJam participant roster,https://reafystats.com/,True,M4NG0,True,high,True,4,strict_competitive_v3,casual_creator_or_unverified_competitive_skill,Creator/event participation alone is not treated as competitive skill evidence.,
maezes,Maezes,Maezes,verified_event_ign,,,minecraft_profile_lookup,https://mc-api.io/profile/Maezes/java,INTERNATIONAL_CREATORS,5,casual_creator_or_insufficient_competitive_evidence,medium_low,https://reafystats.com/,MCCRising3 participant roster,https://reafystats.com/,True,Maezes,True,high,True,3,strict_competitive_v3,casual_creator_or_unverified_competitive_skill,Creator/event participation alone is not treated as competitive skill evidence.,
makoinari,MakoInari,MakoInari,verified_event_ign,,,minecraft_profile_lookup,https://mc-api.io/profile/MakoInari/java,INTERNATIONAL_CREATORS,5,casual_creator_or_insufficient_competitive_evidence,medium_low,https://reafystats.com/,MCCRising1 participant roster,https://reafystats.com/,True,MakoInari,True,high,True,3,strict_competitive_v3,casual_creator_or_unverified_competitive_skill,Creator/event participation alone is not treated as competitive skill evidence.,
marbar_x,Marbar_x,Marbar_x,verified_event_ign,,,minecraft_profile_lookup,https://mc-api.io/profile/Marbar_x/java,INTERNATIONAL_CREATORS,5,casual_creator_or_insufficient_competitive_evidence,medium_low,https://reafystats.com/,MCCRising1 participant roster,https://reafystats.com/,True,Marbar_x,True,high,True,3,strict_competitive_v3,casual_creator_or_unverified_competitive_skill,Creator/event participation alone is not treated as competitive skill evidence.,
mark_hulmes,Mark Hulmes,MarkHulmes,verified_event_ign,,,minecraft_profile_lookup,https://mc-api.io/profile/MarkHulmes/java,INTERNATIONAL_CREATORS,5,casual_creator_or_insufficient_competitive_evidence,medium_low,https://reafystats.com/,JingleJam participant roster,https://reafystats.com/,True,MarkHulmes,True,high,True,4,strict_competitive_v3,casual_creator_or_unverified_competitive_skill,Creator/event participation alone is not treated as competitive skill evidence.,
markisparki66,Markisparki66,Markisparki66,verified_event_ign,,,minecraft_profile_lookup,https://mc-api.io/profile/Markisparki66/java,INTERNATIONAL_CREATORS,5,casual_creator_or_insufficient_competitive_evidence,medium_low,https://reafystats.com/,MCCRising2 participant roster,https://reafystats.com/,True,Markisparki66,True,high,True,3,strict_competitive_v3,casual_creator_or_unverified_competitive_skill,Creator/event participation alone is not treated as competitive skill evidence.,
masayoshi,Masayoshi,Masayoshi,verified_event_ign,,,minecraft_profile_lookup,https://mc-api.io/profile/Masayoshi/java,INTERNATIONAL_CREATORS,5,casual_creator_or_insufficient_competitive_evidence,medium_low,https://reafystats.com/,MCC27 participant roster,https://reafystats.com/,True,Masayoshi,True,high,True,3,strict_competitive_v3,casual_creator_or_unverified_competitive_skill,Creator/event participation alone is not treated as competitive skill evidence.,
maxggs,MaxGGs,MaxGGs,verified_event_ign,,,minecraft_profile_lookup,https://mc-api.io/profile/MaxGGs/java,INTERNATIONAL_CREATORS,5,casual_creator_or_insufficient_competitive_evidence,medium_low,https://reafystats.com/,MCCRising1 participant roster,https://reafystats.com/,True,MaxGGs,True,high,True,3,strict_competitive_v3,casual_creator_or_unverified_competitive_skill,Creator/event participation alone is not treated as competitive skill evidence.,
midmysticx,Midmysticx,Midmysticx,verified_event_ign,,,minecraft_profile_lookup,https://mc-api.io/profile/Midmysticx/java,INTERNATIONAL_CREATORS,5,casual_creator_or_insufficient_competitive_evidence,medium_low,https://reafystats.com/,MCCRising2 participant roster,https://reafystats.com/,True,Midmysticx,True,high,True,3,strict_competitive_v3,casual_creator_or_unverified_competitive_skill,Creator/event participation alone is not treated as competitive skill evidence.,
mikagoated,mikagoated,mikagoated,verified_event_ign,,,minecraft_profile_lookup,https://mc-api.io/profile/mikagoated/java,INTERNATIONAL_CREATORS,5,casual_creator_or_insufficient_competitive_evidence,medium_low,https://reafystats.com/,MagentaETrophy participant roster,https://reafystats.com/,True,mikagoated,True,high,True,4,strict_competitive_v3,casual_creator_or_unverified_competitive_skill,Creator/event participation alone is not treated as competitive skill evidence.,
millkberry,millkberry,millkberry,verified_event_ign,,,minecraft_profile_lookup,https://mc-api.io/profile/millkberry/java,INTERNATIONAL_CREATORS,5,casual_creator_or_insufficient_competitive_evidence,medium_low,https://reafystats.com/,MCCRising2 participant roster,https://reafystats.com/,True,millkberry,True,high,True,3,strict_competitive_v3,casual_creator_or_unverified_competitive_skill,Creator/event participation alone is not treated as competitive skill evidence.,
min00099,Min00099,Min00099,verified_event_ign,,,minecraft_profile_lookup,https://mc-api.io/profile/Min00099/java,INTERNATIONAL_CREATORS,5,casual_creator_or_insufficient_competitive_evidence,medium_low,https://reafystats.com/,MagentaETrophy participant roster,https://reafystats.com/,True,Min00099,True,high,True,4,strict_competitive_v3,casual_creator_or_unverified_competitive_skill,Creator/event participation alone is not treated as competitive skill evidence.,
mintsleaves,mintsleaves,mintsleaves,verified_event_ign,,,minecraft_profile_lookup,https://mc-api.io/profile/mintsleaves/java,INTERNATIONAL_CREATORS,5,casual_creator_or_insufficient_competitive_evidence,medium_low,https://reafystats.com/,MCCRising1 participant roster,https://reafystats.com/,True,mintsleaves,True,high,True,3,strict_competitive_v3,casual_creator_or_unverified_competitive_skill,Creator/event participation alone is not treated as competitive skill evidence.,
minuself,MinusElf,MinusElf,verified_event_ign,,,minecraft_profile_lookup,https://mc-api.io/profile/MinusElf/java,INTERNATIONAL_CREATORS,5,casual_creator_or_insufficient_competitive_evidence,medium_low,https://reafystats.com/,MagentaETrophy participant roster,https://reafystats.com/,True,MinusElf,True,high,True,4,strict_competitive_v3,casual_creator_or_unverified_competitive_skill,Creator/event participation alone is not treated as competitive skill evidence.,
misfitclovers,misfitclovers,misfitclovers,verified_event_ign,,,minecraft_profile_lookup,https://mc-api.io/profile/misfitclovers/java,INTERNATIONAL_CREATORS,5,casual_creator_or_insufficient_competitive_evidence,medium_low,https://reafystats.com/,MCCRising3 participant roster,https://reafystats.com/,True,misfitclovers,True,high,True,3,strict_competitive_v3,casual_creator_or_unverified_competitive_skill,Creator/event participation alone is not treated as competitive skill evidence.,
mizzrowe,Mizzrowe,Mizzrowe,verified_event_ign,,,minecraft_profile_lookup,https://mc-api.io/profile/Mizzrowe/java,INTERNATIONAL_CREATORS,5,casual_creator_or_insufficient_competitive_evidence,medium_low,https://reafystats.com/,MCCRising1 participant roster,https://reafystats.com/,True,Mizzrowe,True,high,True,3,strict_competitive_v3,casual_creator_or_unverified_competitive_skill,Creator/event participation alone is not treated as competitive skill evidence.,
mousie,Mousie,Mousie,verified_event_ign,,,minecraft_profile_lookup,https://mc-api.io/profile/Mousie/java,INTERNATIONAL_CREATORS,5,casual_creator_or_insufficient_competitive_evidence,medium_low,https://reafystats.com/,JingleJam participant roster,https://reafystats.com/,True,Mousie,True,high,True,4,strict_competitive_v3,casual_creator_or_unverified_competitive_skill,Creator/event participation alone is not treated as competitive skill evidence.,
mrbeardstone,MrBeardstone,MrBeardstone,verified_event_ign,,,minecraft_profile_lookup,https://mc-api.io/profile/MrBeardstone/java,INTERNATIONAL_CREATORS,5,casual_creator_or_insufficient_competitive_evidence,medium_low,https://reafystats.com/,MCCRising1 participant roster,https://reafystats.com/,True,MrBeardstone,True,high,True,3,strict_competitive_v3,casual_creator_or_unverified_competitive_skill,Creator/event participation alone is not treated as competitive skill evidence.,
musicman1017,Musicman1017,Musicman1017,verified_event_ign,,,minecraft_profile_lookup,https://mc-api.io/profile/Musicman1017/java,INTERNATIONAL_CREATORS,5,casual_creator_or_insufficient_competitive_evidence,medium_low,https://reafystats.com/,MCCRising1 participant roster,https://reafystats.com/,True,Musicman1017,True,high,True,3,strict_competitive_v3,casual_creator_or_unverified_competitive_skill,Creator/event participation alone is not treated as competitive skill evidence.,
nanokim,NanoKim,NanoKim,verified_event_ign,,,minecraft_profile_lookup,https://mc-api.io/profile/NanoKim/java,INTERNATIONAL_CREATORS,5,casual_creator_or_insufficient_competitive_evidence,medium_low,https://reafystats.com/,JingleJam participant roster,https://reafystats.com/,True,NanoKim,True,high,True,4,strict_competitive_v3,casual_creator_or_unverified_competitive_skill,Creator/event participation alone is not treated as competitive skill evidence.,
neneli,neneli_,neneli_,verified_event_ign,,,minecraft_profile_lookup,https://mc-api.io/profile/neneli_/java,INTERNATIONAL_CREATORS,5,casual_creator_or_insufficient_competitive_evidence,medium_low,https://reafystats.com/,MagentaETrophy participant roster,https://reafystats.com/,True,neneli_,True,high,True,4,strict_competitive_v3,casual_creator_or_unverified_competitive_skill,Creator/event participation alone is not treated as competitive skill evidence.,
nihachu,Nihachu,Nihachu,verified_event_ign,,,minecraft_profile_lookup,https://mc-api.io/profile/Nihachu/java,INTERNATIONAL_CREATORS,5,casual_creator_or_insufficient_competitive_evidence,medium_low,https://reafystats.com/,MCC14 participant roster,https://reafystats.com/,True,Nihachu,True,high,True,4,strict_competitive_v3,casual_creator_or_unverified_competitive_skill,Creator/event participation alone is not treated as competitive skill evidence.,
nina_serena,Nina Serena,NinaSerena,verified_event_ign,,,minecraft_profile_lookup,https://mc-api.io/profile/NinaSerena/java,INTERNATIONAL_CREATORS,5,casual_creator_or_insufficient_competitive_evidence,medium_low,https://reafystats.com/,JingleJam participant roster,https://reafystats.com/,True,NinaSerena,True,high,True,4,strict_competitive_v3,casual_creator_or_unverified_competitive_skill,Creator/event participation alone is not treated as competitive skill evidence.,
nomadworld,NomadWorld,NomadWorld,verified_event_ign,,,minecraft_profile_lookup,https://mc-api.io/profile/NomadWorld/java,INTERNATIONAL_CREATORS,5,casual_creator_or_insufficient_competitive_evidence,medium_low,https://reafystats.com/,MCCRising2 participant roster,https://reafystats.com/,True,NomadWorld,True,high,True,3,strict_competitive_v3,casual_creator_or_unverified_competitive_skill,Creator/event participation alone is not treated as competitive skill evidence.,
nominalgravy,Nominalgravy,Nominalgravy,verified_event_ign,,,minecraft_profile_lookup,https://mc-api.io/profile/Nominalgravy/java,INTERNATIONAL_CREATORS,5,casual_creator_or_insufficient_competitive_evidence,medium_low,https://reafystats.com/,MCCRising2 participant roster,https://reafystats.com/,True,Nominalgravy,True,high,True,3,strict_competitive_v3,casual_creator_or_unverified_competitive_skill,Creator/event participation alone is not treated as competitive skill evidence.,
notnotbrock,NotNotBrock,NotNotBrock,verified_event_ign,,,minecraft_profile_lookup,https://mc-api.io/profile/NotNotBrock/java,INTERNATIONAL_CREATORS,5,casual_creator_or_insufficient_competitive_evidence,medium_low,https://reafystats.com/,MCCRising2 participant roster,https://reafystats.com/,True,NotNotBrock,True,high,True,3,strict_competitive_v3,casual_creator_or_unverified_competitive_skill,Creator/event participation alone is not treated as competitive skill evidence.,
olivesleepy,olivesleepy,olivesleepy,verified_event_ign,,,minecraft_profile_lookup,https://mc-api.io/profile/olivesleepy/java,INTERNATIONAL_CREATORS,5,casual_creator_or_insufficient_competitive_evidence,medium_low,https://reafystats.com/,MCCRising2 participant roster,https://reafystats.com/,True,olivesleepy,True,high,True,3,strict_competitive_v3,casual_creator_or_unverified_competitive_skill,Creator/event participation alone is not treated as competitive skill evidence.,
osiefish,Osiefish,Osiefish,verified_event_ign,,,minecraft_profile_lookup,https://mc-api.io/profile/Osiefish/java,INTERNATIONAL_CREATORS,5,casual_creator_or_insufficient_competitive_evidence,medium_low,https://reafystats.com/,JingleJam participant roster,https://reafystats.com/,True,Osiefish,True,high,True,4,strict_competitive_v3,casual_creator_or_unverified_competitive_skill,Creator/event participation alone is not treated as competitive skill evidence.,
p_izzato,p_izzato,p_izzato,verified_event_ign,,,minecraft_profile_lookup,https://mc-api.io/profile/p_izzato/java,INTERNATIONAL_CREATORS,5,casual_creator_or_insufficient_competitive_evidence,medium_low,https://reafystats.com/,MCCRising2 participant roster,https://reafystats.com/,True,p_izzato,True,high,True,3,strict_competitive_v3,casual_creator_or_unverified_competitive_skill,Creator/event participation alone is not treated as competitive skill evidence.,
paeadams,Paeadams,Paeadams,verified_event_ign,,,minecraft_profile_lookup,https://mc-api.io/profile/Paeadams/java,INTERNATIONAL_CREATORS,5,casual_creator_or_insufficient_competitive_evidence,medium_low,https://reafystats.com/,MCCRising3 participant roster,https://reafystats.com/,True,Paeadams,True,high,True,3,strict_competitive_v3,casual_creator_or_unverified_competitive_skill,Creator/event participation alone is not treated as competitive skill evidence.,
papaplatte,Papaplatte,Papaplatte,verified_event_ign,,,minecraft_profile_lookup,https://mc-api.io/profile/Papaplatte/java,INTERNATIONAL_CREATORS,5,casual_creator_or_insufficient_competitive_evidence,medium_low,https://reafystats.com/,MagentaETrophy participant roster,https://reafystats.com/,True,Papaplatte,True,high,True,4,strict_competitive_v3,casual_creator_or_unverified_competitive_skill,Creator/event participation alone is not treated as competitive skill evidence.,
pearcups,pearcups,pearcups,verified_event_ign,,,minecraft_profile_lookup,https://mc-api.io/profile/pearcups/java,INTERNATIONAL_CREATORS,5,casual_creator_or_insufficient_competitive_evidence,medium_low,https://reafystats.com/,MCCRising3 participant roster,https://reafystats.com/,True,pearcups,True,high,True,3,strict_competitive_v3,casual_creator_or_unverified_competitive_skill,Creator/event participation alone is not treated as competitive skill evidence.,
pedguin,Pedguin,Pedguin,verified_event_ign,,,minecraft_profile_lookup,https://mc-api.io/profile/Pedguin/java,INTERNATIONAL_CREATORS,5,casual_creator_or_insufficient_competitive_evidence,medium_low,https://reafystats.com/,JingleJam participant roster,https://reafystats.com/,True,Pedguin,True,high,True,4,strict_competitive_v3,casual_creator_or_unverified_competitive_skill,Creator/event participation alone is not treated as competitive skill evidence.,
peeporp,Peeporp,Peeporp,verified_event_ign,,,minecraft_profile_lookup,https://mc-api.io/profile/Peeporp/java,INTERNATIONAL_CREATORS,5,casual_creator_or_insufficient_competitive_evidence,medium_low,https://reafystats.com/,MCCRising2 participant roster,https://reafystats.com/,True,Peeporp,True,high,True,3,strict_competitive_v3,casual_creator_or_unverified_competitive_skill,Creator/event participation alone is not treated as competitive skill evidence.,
plushy33,Plushy33,Plushy33,verified_event_ign,,,minecraft_profile_lookup,https://mc-api.io/profile/Plushy33/java,INTERNATIONAL_CREATORS,5,casual_creator_or_insufficient_competitive_evidence,medium_low,https://reafystats.com/,MCCRising3 participant roster,https://reafystats.com/,True,Plushy33,True,high,True,3,strict_competitive_v3,casual_creator_or_unverified_competitive_skill,Creator/event participation alone is not treated as competitive skill evidence.,
popularmmos,PopularMMOs,PopularMMOs,known_creator_handle_needs_profile_check,,,minecraft_profile_lookup,https://mc-api.io/profile/PopularMMOs/java,INTERNATIONAL_CREATORS,5,casual_creator_or_insufficient_competitive_evidence,medium_low,https://en.wikipedia.org/wiki/CaptainSparklez,Historical Minecraft creator curation,https://en.wikipedia.org/wiki/CaptainSparklez,True,PopularMMOs,True,medium_low,True,4,strict_competitive_v3,casual_creator_or_unverified_competitive_skill,Creator/event participation alone is not treated as competitive skill evidence.,
prestonplayz,PrestonPlayz,PrestonPlayz,known_creator_handle_needs_profile_check,,,minecraft_profile_lookup,https://mc-api.io/profile/PrestonPlayz/java,INTERNATIONAL_CREATORS,5,casual_creator_or_insufficient_competitive_evidence,medium_low,https://en.wikipedia.org/wiki/CaptainSparklez,Historical Minecraft creator curation,https://en.wikipedia.org/wiki/CaptainSparklez,True,PrestonPlayz,True,medium_low,True,4,strict_competitive_v3,casual_creator_or_unverified_competitive_skill,Creator/event participation alone is not treated as competitive skill evidence.,
pyroscythe,Pyroscythe,Pyroscythe,verified_event_ign,,,minecraft_profile_lookup,https://mc-api.io/profile/Pyroscythe/java,INTERNATIONAL_CREATORS,5,casual_creator_or_insufficient_competitive_evidence,medium_low,https://reafystats.com/,MCCRising2 participant roster,https://reafystats.com/,True,Pyroscythe,True,high,True,3,strict_competitive_v3,casual_creator_or_unverified_competitive_skill,Creator/event participation alone is not treated as competitive skill evidence.,
queen_ov_drama,queen_ov_drama,queen_ov_drama,verified_event_ign,,,minecraft_profile_lookup,https://mc-api.io/profile/queen_ov_drama/java,INTERNATIONAL_CREATORS,5,casual_creator_or_insufficient_competitive_evidence,medium_low,https://reafystats.com/,MCCRising3 participant roster,https://reafystats.com/,True,queen_ov_drama,True,high,True,3,strict_competitive_v3,casual_creator_or_unverified_competitive_skill,Creator/event participation alone is not treated as competitive skill evidence.,
raehasrabies,RAEHASRABIES,RAEHASRABIES,verified_event_ign,,,minecraft_profile_lookup,https://mc-api.io/profile/RAEHASRABIES/java,INTERNATIONAL_CREATORS,5,casual_creator_or_insufficient_competitive_evidence,medium_low,https://reafystats.com/,MCCRising1 participant roster,https://reafystats.com/,True,RAEHASRABIES,True,high,True,3,strict_competitive_v3,casual_creator_or_unverified_competitive_skill,Creator/event participation alone is not treated as competitive skill evidence.,
rainhoevt,RainhoeVT,RainhoeVT,verified_event_ign,,,minecraft_profile_lookup,https://mc-api.io/profile/RainhoeVT/java,INTERNATIONAL_CREATORS,5,casual_creator_or_insufficient_competitive_evidence,medium_low,https://reafystats.com/,Pride2025 participant roster,https://reafystats.com/,True,RainhoeVT,True,high,True,3,strict_competitive_v3,casual_creator_or_unverified_competitive_skill,Creator/event participation alone is not treated as competitive skill evidence.,
ranboo,Ranboo,Ranboo,known_creator_handle_needs_profile_check,,,minecraft_profile_lookup,https://mc-api.io/profile/Ranboo/java,INTERNATIONAL_CREATORS,5,casual_creator_or_insufficient_competitive_evidence,medium_low,https://en.wikipedia.org/wiki/Dream_SMP,Dream SMP creator roster,https://en.wikipedia.org/wiki/Dream_SMP,True,Ranboo,True,medium_low,True,4,strict_competitive_v3,casual_creator_or_unverified_competitive_skill,Creator/event participation alone is not treated as competitive skill evidence.,
ravs,Ravs,Ravs,verified_event_ign,,,minecraft_profile_lookup,https://mc-api.io/profile/Ravs/java,INTERNATIONAL_CREATORS,5,casual_creator_or_insufficient_competitive_evidence,medium_low,https://reafystats.com/,JingleJam participant roster,https://reafystats.com/,True,Ravs,True,high,True,4,strict_competitive_v3,casual_creator_or_unverified_competitive_skill,Creator/event participation alone is not treated as competitive skill evidence.,
rhiannon,Rhiannon,Rhiannon,verified_event_ign,,,minecraft_profile_lookup,https://mc-api.io/profile/Rhiannon/java,INTERNATIONAL_CREATORS,5,casual_creator_or_insufficient_competitive_evidence,medium_low,https://reafystats.com/,JingleJam participant roster,https://reafystats.com/,True,Rhiannon,True,high,True,4,strict_competitive_v3,casual_creator_or_unverified_competitive_skill,Creator/event participation alone is not treated as competitive skill evidence.,
richardthornton,RichardThornton,RichardThornton,verified_event_ign,,,minecraft_profile_lookup,https://mc-api.io/profile/RichardThornton/java,INTERNATIONAL_CREATORS,5,casual_creator_or_insufficient_competitive_evidence,medium_low,https://reafystats.com/,MCCRising2 participant roster,https://reafystats.com/,True,RichardThornton,True,high,True,3,strict_competitive_v3,casual_creator_or_unverified_competitive_skill,Creator/event participation alone is not treated as competitive skill evidence.,
riiceandbeanss,riiceandbeanss,riiceandbeanss,verified_event_ign,,,minecraft_profile_lookup,https://mc-api.io/profile/riiceandbeanss/java,INTERNATIONAL_CREATORS,5,casual_creator_or_insufficient_competitive_evidence,medium_low,https://reafystats.com/,MCCRising1 participant roster,https://reafystats.com/,True,riiceandbeanss,True,high,True,3,strict_competitive_v3,casual_creator_or_unverified_competitive_skill,Creator/event participation alone is not treated as competitive skill evidence.,
roseriie,roseriie,roseriie,verified_event_ign,,,minecraft_profile_lookup,https://mc-api.io/profile/roseriie/java,INTERNATIONAL_CREATORS,5,casual_creator_or_insufficient_competitive_evidence,medium_low,https://reafystats.com/,MCCRising1 participant roster,https://reafystats.com/,True,roseriie,True,high,True,3,strict_competitive_v3,casual_creator_or_unverified_competitive_skill,Creator/event participation alone is not treated as competitive skill evidence.,
rosethunder,RoseThunder,RoseThunder,verified_event_ign,,,minecraft_profile_lookup,https://mc-api.io/profile/RoseThunder/java,INTERNATIONAL_CREATORS,5,casual_creator_or_insufficient_competitive_evidence,medium_low,https://reafystats.com/,MCCRising3 participant roster,https://reafystats.com/,True,RoseThunder,True,high,True,3,strict_competitive_v3,casual_creator_or_unverified_competitive_skill,Creator/event participation alone is not treated as competitive skill evidence.,
rtgame,RTGame,RTGame,verified_event_ign,,,minecraft_profile_lookup,https://mc-api.io/profile/RTGame/java,INTERNATIONAL_CREATORS,5,casual_creator_or_insufficient_competitive_evidence,medium_low,https://reafystats.com/,MCC27 participant roster,https://reafystats.com/,True,RTGame,True,high,True,5,strict_competitive_v3,casual_creator_or_unverified_competitive_skill,Creator/event participation alone is not treated as competitive skill evidence.,
rubyc0,RuByc0,RuByc0,verified_event_ign,,,minecraft_profile_lookup,https://mc-api.io/profile/RuByc0/java,INTERNATIONAL_CREATORS,5,casual_creator_or_insufficient_competitive_evidence,medium_low,https://reafystats.com/,MCCRising3 participant roster,https://reafystats.com/,True,RuByc0,True,high,True,3,strict_competitive_v3,casual_creator_or_unverified_competitive_skill,Creator/event participation alone is not treated as competitive skill evidence.,
rusty_courage,rusty_courage,rusty_courage,verified_event_ign,,,minecraft_profile_lookup,https://mc-api.io/profile/rusty_courage/java,INTERNATIONAL_CREATORS,5,casual_creator_or_insufficient_competitive_evidence,medium_low,https://reafystats.com/,MCCRising3 participant roster,https://reafystats.com/,True,rusty_courage,True,high,True,3,strict_competitive_v3,casual_creator_or_unverified_competitive_skill,Creator/event participation alone is not treated as competitive skill evidence.,
rythian,Rythian,Rythian,verified_event_ign,,,minecraft_profile_lookup,https://mc-api.io/profile/Rythian/java,INTERNATIONAL_CREATORS,5,casual_creator_or_insufficient_competitive_evidence,medium_low,https://reafystats.com/,JingleJam participant roster,https://reafystats.com/,True,Rythian,True,high,True,4,strict_competitive_v3,casual_creator_or_unverified_competitive_skill,Creator/event participation alone is not treated as competitive skill evidence.,
sakurayy,Sakurayy,Sakurayy,verified_event_ign,,,minecraft_profile_lookup,https://mc-api.io/profile/Sakurayy/java,INTERNATIONAL_CREATORS,5,casual_creator_or_insufficient_competitive_evidence,medium_low,https://reafystats.com/,MagentaETrophy participant roster,https://reafystats.com/,True,Sakurayy,True,high,True,4,strict_competitive_v3,casual_creator_or_unverified_competitive_skill,Creator/event participation alone is not treated as competitive skill evidence.,
sarahsera,sarahsera,sarahsera,verified_event_ign,,,minecraft_profile_lookup,https://mc-api.io/profile/sarahsera/java,INTERNATIONAL_CREATORS,5,casual_creator_or_insufficient_competitive_evidence,medium_low,https://reafystats.com/,MCCRising2 participant roster,https://reafystats.com/,True,sarahsera,True,high,True,3,strict_competitive_v3,casual_creator_or_unverified_competitive_skill,Creator/event participation alone is not treated as competitive skill evidence.,
schmilley,Schmilley,Schmilley,verified_event_ign,,,minecraft_profile_lookup,https://mc-api.io/profile/Schmilley/java,INTERNATIONAL_CREATORS,5,casual_creator_or_insufficient_competitive_evidence,medium_low,https://reafystats.com/,MagentaETrophy participant roster,https://reafystats.com/,True,Schmilley,True,high,True,4,strict_competitive_v3,casual_creator_or_unverified_competitive_skill,Creator/event participation alone is not treated as competitive skill evidence.,
schmobin,schmobin_,schmobin_,verified_event_ign,,,minecraft_profile_lookup,https://mc-api.io/profile/schmobin_/java,INTERNATIONAL_CREATORS,5,casual_creator_or_insufficient_competitive_evidence,medium_low,https://reafystats.com/,MagentaETrophy participant roster,https://reafystats.com/,True,schmobin_,True,high,True,4,strict_competitive_v3,casual_creator_or_unverified_competitive_skill,Creator/event participation alone is not treated as competitive skill evidence.,
scuffed_sushi,Scuffed_Sushi,Scuffed_Sushi,verified_event_ign,,,minecraft_profile_lookup,https://mc-api.io/profile/Scuffed_Sushi/java,INTERNATIONAL_CREATORS,5,casual_creator_or_insufficient_competitive_evidence,medium_low,https://reafystats.com/,MCCRising3 participant roster,https://reafystats.com/,True,Scuffed_Sushi,True,high,True,3,strict_competitive_v3,casual_creator_or_unverified_competitive_skill,Creator/event participation alone is not treated as competitive skill evidence.,
shadowatno0n,shadowatno0n,shadowatno0n,verified_event_ign,,,minecraft_profile_lookup,https://mc-api.io/profile/shadowatno0n/java,INTERNATIONAL_CREATORS,5,casual_creator_or_insufficient_competitive_evidence,medium_low,https://reafystats.com/,MCCRising2 participant roster,https://reafystats.com/,True,shadowatno0n,True,high,True,3,strict_competitive_v3,casual_creator_or_unverified_competitive_skill,Creator/event participation alone is not treated as competitive skill evidence.,
simplyfuse,SimplyFuse,SimplyFuse,verified_event_ign,,,minecraft_profile_lookup,https://mc-api.io/profile/SimplyFuse/java,INTERNATIONAL_CREATORS,5,casual_creator_or_insufficient_competitive_evidence,medium_low,https://reafystats.com/,MagentaETrophy participant roster,https://reafystats.com/,True,SimplyFuse,True,high,True,4,strict_competitive_v3,casual_creator_or_unverified_competitive_skill,Creator/event participation alone is not treated as competitive skill evidence.,
sinaheh,sinaheh,sinaheh,verified_event_ign,,,minecraft_profile_lookup,https://mc-api.io/profile/sinaheh/java,INTERNATIONAL_CREATORS,5,casual_creator_or_insufficient_competitive_evidence,medium_low,https://reafystats.com/,MCCRising2 participant roster,https://reafystats.com/,True,sinaheh,True,high,True,3,strict_competitive_v3,casual_creator_or_unverified_competitive_skill,Creator/event participation alone is not treated as competitive skill evidence.,
sinnabuns4,Sinnabuns4,Sinnabuns4,verified_event_ign,,,minecraft_profile_lookup,https://mc-api.io/profile/Sinnabuns4/java,INTERNATIONAL_CREATORS,5,casual_creator_or_insufficient_competitive_evidence,medium_low,https://reafystats.com/,MCCRising3 participant roster,https://reafystats.com/,True,Sinnabuns4,True,high,True,3,strict_competitive_v3,casual_creator_or_unverified_competitive_skill,Creator/event participation alone is not treated as competitive skill evidence.,
skeppy,Skeppy,Skeppy,known_creator_handle_needs_profile_check,,,minecraft_profile_lookup,https://mc-api.io/profile/Skeppy/java,INTERNATIONAL_CREATORS,5,casual_creator_or_insufficient_competitive_evidence,medium_low,https://en.wikipedia.org/wiki/Dream_SMP,Dream SMP creator roster,https://en.wikipedia.org/wiki/Dream_SMP,True,Skeppy,True,medium_low,True,4,strict_competitive_v3,casual_creator_or_unverified_competitive_skill,Creator/event participation alone is not treated as competitive skill evidence.,
skydoesminecraft,SkyDoesMinecraft,SkyDoesMinecraft,known_creator_handle_needs_profile_check,,,minecraft_profile_lookup,https://mc-api.io/profile/SkyDoesMinecraft/java,INTERNATIONAL_CREATORS,5,casual_creator_or_insufficient_competitive_evidence,medium_low,https://en.wikipedia.org/wiki/CaptainSparklez,Historical Minecraft creator curation,https://en.wikipedia.org/wiki/CaptainSparklez,True,SkyDoesMinecraft,True,medium_low,True,4,strict_competitive_v3,casual_creator_or_unverified_competitive_skill,Creator/event participation alone is not treated as competitive skill evidence.,
snowfeather25,Snowfeather25,Snowfeather25,verified_event_ign,,,minecraft_profile_lookup,https://mc-api.io/profile/Snowfeather25/java,INTERNATIONAL_CREATORS,5,casual_creator_or_insufficient_competitive_evidence,medium_low,https://reafystats.com/,MagentaETrophy participant roster,https://reafystats.com/,True,Snowfeather25,True,high,True,4,strict_competitive_v3,casual_creator_or_unverified_competitive_skill,Creator/event participation alone is not treated as competitive skill evidence.,
soupforeloise,soupforeloise,soupforeloise,verified_event_ign,,,minecraft_profile_lookup,https://mc-api.io/profile/soupforeloise/java,INTERNATIONAL_CREATORS,5,casual_creator_or_insufficient_competitive_evidence,medium_low,https://reafystats.com/,MCCRising1 participant roster,https://reafystats.com/,True,soupforeloise,True,high,True,3,strict_competitive_v3,casual_creator_or_unverified_competitive_skill,Creator/event participation alone is not treated as competitive skill evidence.,
spellednik,SpelledNik,SpelledNik,verified_event_ign,,,minecraft_profile_lookup,https://mc-api.io/profile/SpelledNik/java,INTERNATIONAL_CREATORS,5,casual_creator_or_insufficient_competitive_evidence,medium_low,https://reafystats.com/,MCCRising1 participant roster,https://reafystats.com/,True,SpelledNik,True,high,True,3,strict_competitive_v3,casual_creator_or_unverified_competitive_skill,Creator/event participation alone is not treated as competitive skill evidence.,
spoinktv,spoinkTV,spoinkTV,verified_event_ign,,,minecraft_profile_lookup,https://mc-api.io/profile/spoinkTV/java,INTERNATIONAL_CREATORS,5,casual_creator_or_insufficient_competitive_evidence,medium_low,https://reafystats.com/,MCCRising1 participant roster,https://reafystats.com/,True,spoinkTV,True,high,True,3,strict_competitive_v3,casual_creator_or_unverified_competitive_skill,Creator/event participation alone is not treated as competitive skill evidence.,
squidgaming,SquidGaming,SquidGaming,verified_event_ign,,,minecraft_profile_lookup,https://mc-api.io/profile/SquidGaming/java,INTERNATIONAL_CREATORS,5,casual_creator_or_insufficient_competitive_evidence,medium_low,https://reafystats.com/,JingleJam participant roster,https://reafystats.com/,True,SquidGaming,True,high,True,4,strict_competitive_v3,casual_creator_or_unverified_competitive_skill,Creator/event participation alone is not treated as competitive skill evidence.,
ssundee,SSundee,SSundee,known_creator_handle_needs_profile_check,,,minecraft_profile_lookup,https://mc-api.io/profile/SSundee/java,INTERNATIONAL_CREATORS,5,casual_creator_or_insufficient_competitive_evidence,medium_low,https://en.wikipedia.org/wiki/CaptainSparklez,Historical Minecraft creator curation,https://en.wikipedia.org/wiki/CaptainSparklez,True,SSundee,True,medium_low,True,4,strict_competitive_v3,casual_creator_or_unverified_competitive_skill,Creator/event participation alone is not treated as competitive skill evidence.,
stampylonghead,Stampylonghead,Stampylonghead,known_creator_handle_needs_profile_check,,,minecraft_profile_lookup,https://mc-api.io/profile/Stampylonghead/java,INTERNATIONAL_CREATORS,5,casual_creator_or_insufficient_competitive_evidence,medium_low,https://en.wikipedia.org/wiki/CaptainSparklez,Historical Minecraft creator curation,https://en.wikipedia.org/wiki/CaptainSparklez,True,Stampylonghead,True,medium_low,True,4,strict_competitive_v3,casual_creator_or_unverified_competitive_skill,Creator/event participation alone is not treated as competitive skill evidence.,
stemister,Stemister,Stemister,verified_event_ign,,,minecraft_profile_lookup,https://mc-api.io/profile/Stemister/java,INTERNATIONAL_CREATORS,5,casual_creator_or_insufficient_competitive_evidence,medium_low,https://reafystats.com/,MCCRising1 participant roster,https://reafystats.com/,True,Stemister,True,high,True,3,strict_competitive_v3,casual_creator_or_unverified_competitive_skill,Creator/event participation alone is not treated as competitive skill evidence.,
switchbackmongo,SwitchBackMongo,SwitchBackMongo,verified_event_ign,,,minecraft_profile_lookup,https://mc-api.io/profile/SwitchBackMongo/java,INTERNATIONAL_CREATORS,5,casual_creator_or_insufficient_competitive_evidence,medium_low,https://reafystats.com/,MCCRising2 participant roster,https://reafystats.com/,True,SwitchBackMongo,True,high,True,3,strict_competitive_v3,casual_creator_or_unverified_competitive_skill,Creator/event participation alone is not treated as competitive skill evidence.,
sykkuno,Sykkuno,Sykkuno,verified_event_ign,,,minecraft_profile_lookup,https://mc-api.io/profile/Sykkuno/java,INTERNATIONAL_CREATORS,5,casual_creator_or_insufficient_competitive_evidence,medium_low,https://reafystats.com/,MCC27 participant roster,https://reafystats.com/,True,Sykkuno,True,high,True,4,strict_competitive_v3,casual_creator_or_unverified_competitive_skill,Creator/event participation alone is not treated as competitive skill evidence.,
taneeshahogan,TaneeshaHogan,TaneeshaHogan,verified_event_ign,,,minecraft_profile_lookup,https://mc-api.io/profile/TaneeshaHogan/java,INTERNATIONAL_CREATORS,5,casual_creator_or_insufficient_competitive_evidence,medium_low,https://reafystats.com/,MCCRising2 participant roster,https://reafystats.com/,True,TaneeshaHogan,True,high,True,3,strict_competitive_v3,casual_creator_or_unverified_competitive_skill,Creator/event participation alone is not treated as competitive skill evidence.,
thefabo,TheFabo,TheFabo,verified_event_ign,,,minecraft_profile_lookup,https://mc-api.io/profile/TheFabo/java,INTERNATIONAL_CREATORS,5,casual_creator_or_insufficient_competitive_evidence,medium_low,https://reafystats.com/,MagentaETrophy participant roster,https://reafystats.com/,True,TheFabo,True,high,True,4,strict_competitive_v3,casual_creator_or_unverified_competitive_skill,Creator/event participation alone is not treated as competitive skill evidence.,
therealsquiddo,TheRealSquiddo,TheRealSquiddo,verified_event_ign,,,minecraft_profile_lookup,https://mc-api.io/profile/TheRealSquiddo/java,INTERNATIONAL_CREATORS,5,casual_creator_or_insufficient_competitive_evidence,medium_low,https://reafystats.com/,MCCRising3 participant roster,https://reafystats.com/,True,TheRealSquiddo,True,high,True,3,strict_competitive_v3,casual_creator_or_unverified_competitive_skill,Creator/event participation alone is not treated as competitive skill evidence.,
thespiffingbrit,TheSpiffingBrit,TheSpiffingBrit,verified_event_ign,,,minecraft_profile_lookup,https://mc-api.io/profile/TheSpiffingBrit/java,INTERNATIONAL_CREATORS,5,casual_creator_or_insufficient_competitive_evidence,medium_low,https://reafystats.com/,JingleJam participant roster,https://reafystats.com/,True,TheSpiffingBrit,True,high,True,4,strict_competitive_v3,casual_creator_or_unverified_competitive_skill,Creator/event participation alone is not treated as competitive skill evidence.,
tibbycaps,tibbycaps,tibbycaps,verified_event_ign,,,minecraft_profile_lookup,https://mc-api.io/profile/tibbycaps/java,INTERNATIONAL_CREATORS,5,casual_creator_or_insufficient_competitive_evidence,medium_low,https://reafystats.com/,MCCRising3 participant roster,https://reafystats.com/,True,tibbycaps,True,high,True,3,strict_competitive_v3,casual_creator_or_unverified_competitive_skill,Creator/event participation alone is not treated as competitive skill evidence.,
tinakitten,TinaKitten,TinaKitten,verified_event_ign,,,minecraft_profile_lookup,https://mc-api.io/profile/TinaKitten/java,INTERNATIONAL_CREATORS,5,casual_creator_or_insufficient_competitive_evidence,medium_low,https://reafystats.com/,ColourTheWorld participant roster,https://reafystats.com/,True,TinaKitten,True,high,True,4,strict_competitive_v3,casual_creator_or_unverified_competitive_skill,Creator/event participation alone is not treated as competitive skill evidence.,
tjan,Tjan,Tjan,verified_event_ign,,,minecraft_profile_lookup,https://mc-api.io/profile/Tjan/java,INTERNATIONAL_CREATORS,5,casual_creator_or_insufficient_competitive_evidence,medium_low,https://reafystats.com/,MagentaETrophy participant roster,https://reafystats.com/,True,Tjan,True,high,True,4,strict_competitive_v3,casual_creator_or_unverified_competitive_skill,Creator/event participation alone is not treated as competitive skill evidence.,
tom_hazell,Tom Hazell,TomHazell,verified_event_ign,,,minecraft_profile_lookup,https://mc-api.io/profile/TomHazell/java,INTERNATIONAL_CREATORS,5,casual_creator_or_insufficient_competitive_evidence,medium_low,https://reafystats.com/,JingleJam participant roster,https://reafystats.com/,True,TomHazell,True,high,True,4,strict_competitive_v3,casual_creator_or_unverified_competitive_skill,Creator/event participation alone is not treated as competitive skill evidence.,
tomatobisquesoup,TomatoBisqueSoup,TomatoBisqueSoup,verified_event_ign,,,minecraft_profile_lookup,https://mc-api.io/profile/TomatoBisqueSoup/java,INTERNATIONAL_CREATORS,5,casual_creator_or_insufficient_competitive_evidence,medium_low,https://reafystats.com/,MCCRising1 participant roster,https://reafystats.com/,True,TomatoBisqueSoup,True,high,True,3,strict_competitive_v3,casual_creator_or_unverified_competitive_skill,Creator/event participation alone is not treated as competitive skill evidence.,
tridanyt,TriDanYT,TriDanYT,verified_event_ign,,,minecraft_profile_lookup,https://mc-api.io/profile/TriDanYT/java,INTERNATIONAL_CREATORS,5,casual_creator_or_insufficient_competitive_evidence,medium_low,https://reafystats.com/,MagentaETrophy participant roster,https://reafystats.com/,True,TriDanYT,True,high,True,4,strict_competitive_v3,casual_creator_or_unverified_competitive_skill,Creator/event participation alone is not treated as competitive skill evidence.,
unspeakablegaming,UnspeakableGaming,,unresolved_invalid_java_name_syntax,,,minecraft_profile_lookup,,INTERNATIONAL_CREATORS,5,casual_creator_or_insufficient_competitive_evidence,medium_low,https://en.wikipedia.org/wiki/CaptainSparklez,Historical Minecraft creator curation,https://en.wikipedia.org/wiki/CaptainSparklez,True,UnspeakableGaming,False,low,True,4,strict_competitive_v3,casual_creator_or_unverified_competitive_skill,Creator/event participation alone is not treated as competitive skill evidence.,
valkyrae,Valkyrae,Valkyrae,verified_event_ign,,,minecraft_profile_lookup,https://mc-api.io/profile/Valkyrae/java,INTERNATIONAL_CREATORS,5,casual_creator_or_insufficient_competitive_evidence,medium_low,https://reafystats.com/,MCC27 participant roster,https://reafystats.com/,True,Valkyrae,True,high,True,5,strict_competitive_v3,casual_creator_or_unverified_competitive_skill,Creator/event participation alone is not treated as competitive skill evidence.,
vikkstar123,Vikkstar123,Vikkstar123,known_creator_handle_needs_profile_check,,,minecraft_profile_lookup,https://mc-api.io/profile/Vikkstar123/java,INTERNATIONAL_CREATORS,5,casual_creator_or_insufficient_competitive_evidence,medium_low,https://en.wikipedia.org/wiki/CaptainSparklez,Historical Minecraft creator curation,https://en.wikipedia.org/wiki/CaptainSparklez,True,Vikkstar123,True,medium_low,True,4,strict_competitive_v3,casual_creator_or_unverified_competitive_skill,Creator/event participation alone is not treated as competitive skill evidence.,
vintageapples,vintageapples,vintageapples,verified_event_ign,,,minecraft_profile_lookup,https://mc-api.io/profile/vintageapples/java,INTERNATIONAL_CREATORS,5,casual_creator_or_insufficient_competitive_evidence,medium_low,https://reafystats.com/,MCCRising3 participant roster,https://reafystats.com/,True,vintageapples,True,high,True,3,strict_competitive_v3,casual_creator_or_unverified_competitive_skill,Creator/event participation alone is not treated as competitive skill evidence.,
vullco,Vullco,Vullco,verified_event_ign,,,minecraft_profile_lookup,https://mc-api.io/profile/Vullco/java,INTERNATIONAL_CREATORS,5,casual_creator_or_insufficient_competitive_evidence,medium_low,https://reafystats.com/,MagentaETrophy participant roster,https://reafystats.com/,True,Vullco,True,high,True,4,strict_competitive_v3,casual_creator_or_unverified_competitive_skill,Creator/event participation alone is not treated as competitive skill evidence.,
wadebox,WadeBox,WadeBox,verified_event_ign,,,minecraft_profile_lookup,https://mc-api.io/profile/WadeBox/java,INTERNATIONAL_CREATORS,5,casual_creator_or_insufficient_competitive_evidence,medium_low,https://reafystats.com/,MCCRising2 participant roster,https://reafystats.com/,True,WadeBox,True,high,True,3,strict_competitive_v3,casual_creator_or_unverified_competitive_skill,Creator/event participation alone is not treated as competitive skill evidence.,
watermunch,watermunch,watermunch,verified_event_ign,,,minecraft_profile_lookup,https://mc-api.io/profile/watermunch/java,INTERNATIONAL_CREATORS,5,casual_creator_or_insufficient_competitive_evidence,medium_low,https://reafystats.com/,MCCRising3 participant roster,https://reafystats.com/,True,watermunch,True,high,True,3,strict_competitive_v3,casual_creator_or_unverified_competitive_skill,Creator/event participation alone is not treated as competitive skill evidence.,
wendyjr,WendyJr,WendyJr,verified_event_ign,,,minecraft_profile_lookup,https://mc-api.io/profile/WendyJr/java,INTERNATIONAL_CREATORS,5,casual_creator_or_insufficient_competitive_evidence,medium_low,https://reafystats.com/,MCCRising2 participant roster,https://reafystats.com/,True,WendyJr,True,high,True,3,strict_competitive_v3,casual_creator_or_unverified_competitive_skill,Creator/event participation alone is not treated as competitive skill evidence.,
withmay,WithMay,WithMay,verified_event_ign,,,minecraft_profile_lookup,https://mc-api.io/profile/WithMay/java,INTERNATIONAL_CREATORS,5,casual_creator_or_insufficient_competitive_evidence,medium_low,https://reafystats.com/,MCCRising3 participant roster,https://reafystats.com/,True,WithMay,True,high,True,3,strict_competitive_v3,casual_creator_or_unverified_competitive_skill,Creator/event participation alone is not treated as competitive skill evidence.,
wondernat,Wondernat_,Wondernat_,verified_event_ign,,,minecraft_profile_lookup,https://mc-api.io/profile/Wondernat_/java,INTERNATIONAL_CREATORS,5,casual_creator_or_insufficient_competitive_evidence,medium_low,https://reafystats.com/,MCCRising3 participant roster,https://reafystats.com/,True,Wondernat_,True,high,True,3,strict_competitive_v3,casual_creator_or_unverified_competitive_skill,Creator/event participation alone is not treated as competitive skill evidence.,
x_sus,X_SUS,X_SUS,verified_event_ign,,,minecraft_profile_lookup,https://mc-api.io/profile/X_SUS/java,INTERNATIONAL_CREATORS,5,casual_creator_or_insufficient_competitive_evidence,medium_low,https://reafystats.com/,MagentaETrophy participant roster,https://reafystats.com/,True,X_SUS,True,high,True,4,strict_competitive_v3,casual_creator_or_unverified_competitive_skill,Creator/event participation alone is not treated as competitive skill evidence.,
yamiyami,YamiYami_,YamiYami_,verified_event_ign,,,minecraft_profile_lookup,https://mc-api.io/profile/YamiYami_/java,INTERNATIONAL_CREATORS,5,casual_creator_or_insufficient_competitive_evidence,medium_low,https://reafystats.com/,MagentaETrophy participant roster,https://reafystats.com/,True,YamiYami_,True,high,True,4,strict_competitive_v3,casual_creator_or_unverified_competitive_skill,Creator/event participation alone is not treated as competitive skill evidence.,
yellowool,YelloWool,YelloWool,verified_event_ign,,,minecraft_profile_lookup,https://mc-api.io/profile/YelloWool/java,INTERNATIONAL_CREATORS,5,casual_creator_or_insufficient_competitive_evidence,medium_low,https://reafystats.com/,MCCRising1 participant roster,https://reafystats.com/,True,YelloWool,True,high,True,3,strict_competitive_v3,casual_creator_or_unverified_competitive_skill,Creator/event participation alone is not treated as competitive skill evidence.,
yogscast_lewis,Yogscast Lewis,YogscastLewis,verified_event_ign,,,minecraft_profile_lookup,https://mc-api.io/profile/YogscastLewis/java,INTERNATIONAL_CREATORS,5,casual_creator_or_insufficient_competitive_evidence,medium_low,https://reafystats.com/,JingleJam participant roster,https://reafystats.com/,True,YogscastLewis,True,high,True,4,strict_competitive_v3,casual_creator_or_unverified_competitive_skill,Creator/event participation alone is not treated as competitive skill evidence.,
yogscast_simon,Yogscast Simon,YogscastSimon,verified_event_ign,,,minecraft_profile_lookup,https://mc-api.io/profile/YogscastSimon/java,INTERNATIONAL_CREATORS,5,casual_creator_or_insufficient_competitive_evidence,medium_low,https://reafystats.com/,JingleJam participant roster,https://reafystats.com/,True,YogscastSimon,True,high,True,4,strict_competitive_v3,casual_creator_or_unverified_competitive_skill,Creator/event participation alone is not treated as competitive skill evidence.,
yomikester238,yomikester238,yomikester238,verified_event_ign,,,minecraft_profile_lookup,https://mc-api.io/profile/yomikester238/java,INTERNATIONAL_CREATORS,5,casual_creator_or_insufficient_competitive_evidence,medium_low,https://reafystats.com/,MCCRising1 participant roster,https://reafystats.com/,True,yomikester238,True,high,True,3,strict_competitive_v3,casual_creator_or_unverified_competitive_skill,Creator/event participation alone is not treated as competitive skill evidence.,
yoshinom,Yoshinom,Yoshinom,verified_event_ign,,,minecraft_profile_lookup,https://mc-api.io/profile/Yoshinom/java,INTERNATIONAL_CREATORS,5,casual_creator_or_insufficient_competitive_evidence,medium_low,https://reafystats.com/,MCCRising1 participant roster,https://reafystats.com/,True,Yoshinom,True,high,True,3,strict_competitive_v3,casual_creator_or_unverified_competitive_skill,Creator/event participation alone is not treated as competitive skill evidence.,
zmxsked,zMxsked,zMxsked,verified_event_ign,,,minecraft_profile_lookup,https://mc-api.io/profile/zMxsked/java,INTERNATIONAL_CREATORS,5,casual_creator_or_insufficient_competitive_evidence,medium_low,https://reafystats.com/,MagentaETrophy participant roster,https://reafystats.com/,True,zMxsked,True,high,True,4,strict_competitive_v3,casual_creator_or_unverified_competitive_skill,Creator/event participation alone is not treated as competitive skill evidence.,
zoeyproasheck,ZoeyProasheck,ZoeyProasheck,verified_event_ign,,,minecraft_profile_lookup,https://mc-api.io/profile/ZoeyProasheck/java,INTERNATIONAL_CREATORS,5,casual_creator_or_insufficient_competitive_evidence,medium_low,https://reafystats.com/,JingleJam participant roster,https://reafystats.com/,True,ZoeyProasheck,True,high,True,4,strict_competitive_v3,casual_creator_or_unverified_competitive_skill,Creator/event participation alone is not treated as competitive skill evidence.,
zylus,Zylus,Zylus,verified_event_ign,,,minecraft_profile_lookup,https://mc-api.io/profile/Zylus/java,INTERNATIONAL_CREATORS,5,casual_creator_or_insufficient_competitive_evidence,medium_low,https://reafystats.com/,JingleJam participant roster,https://reafystats.com/,True,Zylus,True,high,True,4,strict_competitive_v3,casual_creator_or_unverified_competitive_skill,Creator/event participation alone is not treated as competitive skill evidence.,
entity303,Entity 303,,fictional_bundled_skin,,,bundled,,MINECRAFT_LEGENDS,1,fictional_lore_power_override,lore,https://minecraftcreepypasta.fandom.com/,Minecraft developers / community legend curation,https://minecraftcreepypasta.fandom.com/,True,,False,not_applicable,False,1,strict_competitive_v3,lore_override,"Fictional legend: T1 is a gameplay/lore override, not a real-world competitive ranking.",fictional_legend
error422,Error 422,,fictional_bundled_skin,,,bundled,,MINECRAFT_LEGENDS,1,fictional_lore_power_override,lore,https://minecraftcreepypasta.fandom.com/,Minecraft developers / community legend curation,https://minecraftcreepypasta.fandom.com/,True,,False,not_applicable,False,1,strict_competitive_v3,lore_override,"Fictional legend: T1 is a gameplay/lore override, not a real-world competitive ranking.",fictional_legend
farlandsman,Far Lands Man,,fictional_bundled_skin,,,bundled,,MINECRAFT_LEGENDS,1,fictional_lore_power_override,lore,https://minecraftcreepypasta.fandom.com/,Minecraft developers / community legend curation,https://minecraftcreepypasta.fandom.com/,True,,False,not_applicable,False,1,strict_competitive_v3,lore_override,"Fictional legend: T1 is a gameplay/lore override, not a real-world competitive ranking.",fictional_legend
giantalex,Giant Alex,,fictional_bundled_skin,,,bundled,,MINECRAFT_LEGENDS,1,fictional_lore_power_override,lore,https://minecraftcreepypasta.fandom.com/,Minecraft developers / community legend curation,https://minecraftcreepypasta.fandom.com/,True,,False,not_applicable,False,1,strict_competitive_v3,lore_override,"Fictional legend: T1 is a gameplay/lore override, not a real-world competitive ranking.",fictional_legend
greensteve,Green Steve,,fictional_bundled_skin,,,bundled,,MINECRAFT_LEGENDS,1,fictional_lore_power_override,lore,https://minecraftcreepypasta.fandom.com/,Minecraft developers / community legend curation,https://minecraftcreepypasta.fandom.com/,True,,False,not_applicable,False,1,strict_competitive_v3,lore_override,"Fictional legend: T1 is a gameplay/lore override, not a real-world competitive ranking.",fictional_legend
herobrine,Herobrine,,fictional_bundled_skin,,,bundled,,MINECRAFT_LEGENDS,1,fictional_lore_power_override,lore,https://en.wikipedia.org/wiki/Herobrine,Minecraft developers / community legend curation,https://en.wikipedia.org/wiki/Herobrine,True,,False,not_applicable,False,1,strict_competitive_v3,lore_override,"Fictional legend: T1 is a gameplay/lore override, not a real-world competitive ranking.",fictional_legend
null,Null,,fictional_bundled_skin,,,bundled,,MINECRAFT_LEGENDS,1,fictional_lore_power_override,lore,https://minecraftcreepypasta.fandom.com/wiki/Null,Minecraft developers / community legend curation,https://minecraftcreepypasta.fandom.com/wiki/Null,True,,False,not_applicable,False,1,strict_competitive_v3,lore_override,"Fictional legend: T1 is a gameplay/lore override, not a real-world competitive ranking.",fictional_legend
whiteeyes,White Eyes,,fictional_bundled_skin,,,bundled,,MINECRAFT_LEGENDS,1,fictional_lore_power_override,lore,https://minecraftcreepypasta.fandom.com/,Minecraft developers / community legend curation,https://minecraftcreepypasta.fandom.com/,True,,False,not_applicable,False,1,strict_competitive_v3,lore_override,"Fictional legend: T1 is a gameplay/lore override, not a real-world competitive ranking.",fictional_legend
alex,Alex,,fictional_bundled_skin,,,bundled,,MINECRAFT_LEGENDS,4,experienced_minecraft_creator_noncompetitive,medium_low,https://www.minecraft.net/,Minecraft developers / community legend curation,https://www.minecraft.net/,True,,False,not_applicable,False,2,strict_competitive_v3,experienced_minecraft_creator_noncompetitive,"Meaningful Minecraft experience, but no independent evidence justifying competitive T1/T2.",game_legend
gnembon,gnembon,gnembon,known_public_handle_needs_profile_check,,,minecraft_profile_lookup,https://mc-api.io/profile/gnembon/java,MINECRAFT_LEGENDS,4,experienced_minecraft_creator_noncompetitive,medium_low,https://www.minecraft.net/en-us/credits,Minecraft developers / community legend curation,https://www.minecraft.net/en-us/credits,True,gnembon,True,medium_low,True,2,strict_competitive_v3,experienced_minecraft_creator_noncompetitive,"Meaningful Minecraft experience, but no independent evidence justifying competitive T1/T2.",real_dev
kingbdogz,kingbdogz,kingbdogz,known_public_handle_needs_profile_check,,,minecraft_profile_lookup,https://mc-api.io/profile/kingbdogz/java,MINECRAFT_LEGENDS,4,experienced_minecraft_creator_noncompetitive,medium_low,https://www.minecraft.net/en-us/credits,Minecraft developers / community legend curation,https://www.minecraft.net/en-us/credits,True,kingbdogz,True,medium_low,True,3,strict_competitive_v3,experienced_minecraft_creator_noncompetitive,"Meaningful Minecraft experience, but no independent evidence justifying competitive T1/T2.",real_dev
slicedlime,slicedlime,slicedlime,known_public_handle_needs_profile_check,,,minecraft_profile_lookup,https://mc-api.io/profile/slicedlime/java,MINECRAFT_LEGENDS,4,experienced_minecraft_creator_noncompetitive,medium_low,https://www.minecraft.net/en-us/credits,Minecraft developers / community legend curation,https://www.minecraft.net/en-us/credits,True,slicedlime,True,medium_low,True,3,strict_competitive_v3,experienced_minecraft_creator_noncompetitive,"Meaningful Minecraft experience, but no independent evidence justifying competitive T1/T2.",real_dev
steve,Steve,,fictional_bundled_skin,,,bundled,,MINECRAFT_LEGENDS,4,experienced_minecraft_creator_noncompetitive,medium_low,https://www.minecraft.net/,Minecraft developers / community legend curation,https://www.minecraft.net/,True,,False,not_applicable,False,2,strict_competitive_v3,experienced_minecraft_creator_noncompetitive,"Meaningful Minecraft experience, but no independent evidence justifying competitive T1/T2.",game_legend
ulraf,Ulraf,Ulraf,known_public_handle_needs_profile_check,,,minecraft_profile_lookup,https://mc-api.io/profile/Ulraf/java,MINECRAFT_LEGENDS,4,experienced_minecraft_creator_noncompetitive,medium_low,https://www.minecraft.net/en-us/credits,Minecraft developers / community legend curation,https://www.minecraft.net/en-us/credits,True,Ulraf,True,medium_low,True,3,strict_competitive_v3,experienced_minecraft_creator_noncompetitive,"Meaningful Minecraft experience, but no independent evidence justifying competitive T1/T2.",real_dev
xilefian,Xilefian,Xilefian,known_public_handle_needs_profile_check,,,minecraft_profile_lookup,https://mc-api.io/profile/Xilefian/java,MINECRAFT_LEGENDS,4,experienced_minecraft_creator_noncompetitive,medium_low,https://reafystats.com/,Minecraft developers / community legend curation,https://reafystats.com/,True,Xilefian,True,medium_low,True,3,strict_competitive_v3,experienced_minecraft_creator_noncompetitive,"Meaningful Minecraft experience, but no independent evidence justifying competitive T1/T2.",real_dev
c418,C418,C418,known_public_handle_needs_profile_check,,,minecraft_profile_lookup,https://mc-api.io/profile/C418/java,MINECRAFT_LEGENDS,5,casual_creator_or_insufficient_competitive_evidence,medium_low,https://www.minecraft.net/en-us/credits,Minecraft developers / community legend curation,https://www.minecraft.net/en-us/credits,True,C418,True,medium_low,True,4,strict_competitive_v3,casual_creator_or_unverified_competitive_skill,Creator/event participation alone is not treated as competitive skill evidence.,real_legend
copeland,Copeland,Copeland,known_public_handle_needs_profile_check,,,minecraft_profile_lookup,https://mc-api.io/profile/Copeland/java,MINECRAFT_LEGENDS,5,casual_creator_or_insufficient_competitive_evidence,medium_low,https://en.wikipedia.org/wiki/Herobrine,Minecraft developers / community legend curation,https://en.wikipedia.org/wiki/Herobrine,True,Copeland,True,medium_low,True,3,strict_competitive_v3,casual_creator_or_unverified_competitive_skill,Creator/event participation alone is not treated as competitive skill evidence.,real_legend
dinnerbone,Dinnerbone,Dinnerbone,known_public_handle_needs_profile_check,,,minecraft_profile_lookup,https://mc-api.io/profile/Dinnerbone/java,MINECRAFT_LEGENDS,5,casual_creator_or_insufficient_competitive_evidence,medium_low,https://www.minecraft.net/en-us/credits,Minecraft developers / community legend curation,https://www.minecraft.net/en-us/credits,True,Dinnerbone,True,medium_low,True,3,strict_competitive_v3,casual_creator_or_unverified_competitive_skill,Creator/event participation alone is not treated as competitive skill evidence.,real_dev
grumm,Grumm,Grumm,known_public_handle_needs_profile_check,,,minecraft_profile_lookup,https://mc-api.io/profile/Grumm/java,MINECRAFT_LEGENDS,5,casual_creator_or_insufficient_competitive_evidence,medium_low,https://minecraft.fandom.com/wiki/Easter_eggs,Minecraft developers / community legend curation,https://minecraft.fandom.com/wiki/Easter_eggs,True,Grumm,True,medium_low,True,3,strict_competitive_v3,casual_creator_or_unverified_competitive_skill,Creator/event participation alone is not treated as competitive skill evidence.,real_dev
jappa,JAPPA,JAPPA,known_public_handle_needs_profile_check,,,minecraft_profile_lookup,https://mc-api.io/profile/JAPPA/java,MINECRAFT_LEGENDS,5,casual_creator_or_insufficient_competitive_evidence,medium_low,https://www.minecraft.net/en-us/credits,Minecraft developers / community legend curation,https://www.minecraft.net/en-us/credits,True,JAPPA,True,medium_low,True,4,strict_competitive_v3,casual_creator_or_unverified_competitive_skill,Creator/event participation alone is not treated as competitive skill evidence.,real_dev
jeb,jeb_,jeb_,known_public_handle_needs_profile_check,,,minecraft_profile_lookup,https://mc-api.io/profile/jeb_/java,MINECRAFT_LEGENDS,5,casual_creator_or_insufficient_competitive_evidence,medium_low,https://www.minecraft.net/en-us/credits,Minecraft developers / community legend curation,https://www.minecraft.net/en-us/credits,True,jeb_,True,medium_low,True,3,strict_competitive_v3,casual_creator_or_unverified_competitive_skill,Creator/event participation alone is not treated as competitive skill evidence.,real_dev
junkboy,Junkboy,Junkboy,known_public_handle_needs_profile_check,,,minecraft_profile_lookup,https://mc-api.io/profile/Junkboy/java,MINECRAFT_LEGENDS,5,casual_creator_or_insufficient_competitive_evidence,medium_low,https://www.minecraft.net/en-us/credits,Minecraft developers / community legend curation,https://www.minecraft.net/en-us/credits,True,Junkboy,True,medium_low,True,4,strict_competitive_v3,casual_creator_or_unverified_competitive_skill,Creator/event participation alone is not treated as competitive skill evidence.,real_dev
ladyagnes,LadyAgnes,LadyAgnes,known_public_handle_needs_profile_check,,,minecraft_profile_lookup,https://mc-api.io/profile/LadyAgnes/java,MINECRAFT_LEGENDS,5,casual_creator_or_insufficient_competitive_evidence,medium_low,https://www.minecraft.net/en-us/credits,Minecraft developers / community legend curation,https://www.minecraft.net/en-us/credits,True,LadyAgnes,True,medium_low,True,4,strict_competitive_v3,casual_creator_or_unverified_competitive_skill,Creator/event participation alone is not treated as competitive skill evidence.,real_dev
notch,Notch,Notch,known_public_handle_needs_profile_check,,,minecraft_profile_lookup,https://mc-api.io/profile/Notch/java,MINECRAFT_LEGENDS,5,casual_creator_or_insufficient_competitive_evidence,medium_low,https://www.minecraft.net/en-us/credits,Minecraft developers / community legend curation,https://www.minecraft.net/en-us/credits,True,Notch,True,medium_low,True,3,strict_competitive_v3,casual_creator_or_unverified_competitive_skill,Creator/event participation alone is not treated as competitive skill evidence.,real_dev
patimuss,Patimuss,Patimuss,known_public_handle_needs_profile_check,,,minecraft_profile_lookup,https://mc-api.io/profile/Patimuss/java,MINECRAFT_LEGENDS,5,casual_creator_or_insufficient_competitive_evidence,medium_low,https://en.wikipedia.org/wiki/Herobrine,Minecraft developers / community legend curation,https://en.wikipedia.org/wiki/Herobrine,True,Patimuss,True,medium_low,True,3,strict_competitive_v3,casual_creator_or_unverified_competitive_skill,Creator/event participation alone is not treated as competitive skill evidence.,real_legend
searge,Searge,Searge,known_public_handle_needs_profile_check,,,minecraft_profile_lookup,https://mc-api.io/profile/Searge/java,MINECRAFT_LEGENDS,5,casual_creator_or_insufficient_competitive_evidence,medium_low,https://www.minecraft.net/en-us/credits,Minecraft developers / community legend curation,https://www.minecraft.net/en-us/credits,True,Searge,True,medium_low,True,3,strict_competitive_v3,casual_creator_or_unverified_competitive_skill,Creator/event participation alone is not treated as competitive skill evidence.,real_dev
